NAME,TEAM,POS,SALARY,YEARS,TOTAL VALUE,AVG ANNUAL
"Kershaw, Clayton",LAD,SP,$31000000,7 (2014-20),$215000000,$30714286
"Verlander, Justin",DET,SP,$28000000,7 (2013-19),$180000000,$25714286
"Greinke, Zack",LAD,SP,$27000000,6 (2013-18),$147000000,$24500000
"Hamilton, Josh",LAA,LF,$25000000,5 (2013-17),$125000000,$25000000
"Howard, Ryan",PHI,1B,$25000000,5 (2012-16),$125000000,$25000000
"Lee, Cliff",PHI,SP,$25000000,5 (2011-15),$120000000,$24000000
"Hernandez, Felix",SEA,SP,$24857142,7 (2013-19),$175000000,$25000000
"Pujols, Albert",LAA,1B,$24000000,10 (2012-21),$240000000,$24000000
"Cano, Robinson",SEA,2B,$24000000,10 (2014-23),$240000000,$24000000
"Fielder, Prince",TEX,1B,$24000000,9 (2012-20),$214000000,$23777778
"Hamels, Cole",PHI,SP,$23500000,6 (2013-18),$144000000,$24000000
"Teixeira, Mark",NYY,1B,$23125000,8 (2009-16),$180000000,$22500000
"Mauer, Joe",MIN,1B,$23000000,8 (2011-18),$184000000,$23000000
"Sabathia, CC",NYY,SP,$23000000,5 (2012-16),$122000000,$24400000
"Cabrera, Miguel",DET,1B,$22000000,10 (2014-23),$292000000,$29200000
"Rodriguez, Alex",NYY,3B,$22000000,10 (2008-17),$275000000,$27500000
"Tanaka, Masahiro",NYY,SP,$22000000,7 (2014-20),$155000000,$22142857
"Reyes, Jose",TOR,SS,$22000000,6 (2012-17),$106000000,$17666667
"Gonzalez, Adrian",LAD,1B,$21857142,7 (2012-18),$154000000,$22000000
"Werth, Jayson",WSH,LF,$21571428,7 (2011-17),$126000000,$18000000
"Crawford, Carl",LAD,LF,$21357142,7 (2011-17),$142000000,$20285714
"Kemp, Matt",SD,RF,$21250000,8 (2012-19),$160000000,$20000000
"Ellsbury, Jacoby",NYY,CF,$21142857,7 (2014-20),$153000000,$21857143
"Cain, Matt",SF,SP,$20833333,6 (2012-17),$127500000,$21250000
"Tulowitzki, Troy",COL,SS,$20000000,10 (2011-20),$157750000,$15775000
"Lester, Jon",CHC,SP,$20000000,6 (2015-20),$155000000,$25833333
"Buehrle, Mark",TOR,SP,$20000000,4 (2012-15),$58000000,$14500000
"Ramirez, Hanley",BOS,LF,$19750000,4 (2015-18),$88000000,$22000000
"Price, David",DET,SP,$19750000,1 (2015),$19750000,$19750000
"Wainwright, Adam",STL,SP,$19500000,5 (2014-18),$97500000,$19500000
"Wright, David",NYM,3B,$19347170,8 (2013-20),$138000000,$17250000
"Pence, Hunter",SF,RF,$18700000,5 (2014-18),$90000000,$18000000
"Wilson, C.J.",LAA,SP,$18500000,5 (2012-16),$77500000,$15500000
"Weaver, Jered",LAA,SP,$18200000,5 (2012-16),$85000000,$17000000
"Ethier, Andre",LAD,RF,$18000000,5 (2013-17),$85000000,$17000000
"Lincecum, Tim",SF,SP,$18000000,1 (2016),$18000000,$18000000
"Sandoval, Pablo",BOS,3B,$17600000,5 (2015-19),$95000000,$19000000
"Posey, Buster",SF,C,$17277777,9 (2013-21),$167000000,$18555556
"Scherzer, Max",WSH,SP,$17142857,7 (2015-21),$210000000,$30000000
"McCann, Brian",NYY,C,$17000000,5 (2014-18),$85000000,$17000000
"Sanchez, Anibal",DET,SP,$16800000,5 (2013-17),$80000000,$16000000
"Zimmermann, Jordan",WSH,SP,$16500000,2 (2014-15),$24000000,$12000000
"Gonzalez, Carlos",COL,RF,$16428571,7 (2011-17),$80000000,$11428571
"Holliday, Matt",STL,LF,$16227957,7 (2010-16),$120000000,$17142857
"Beltre, Adrian",TEX,3B,$16000000,5 (2011-15),$80000000,$16000000
"Kinsler, Ian",DET,2B,$16000000,5 (2013-17),$75000000,$15000000
"Granderson, Curtis",NYM,RF,$16000000,4 (2014-17),$60000000,$15000000
"Napoli, Mike",BOS,1B,$16000000,2 (2014-15),$32000000,$16000000
"Ortiz, David",BOS,DH,$16000000,1 (2015),$16000000,$16000000
"Danks, John",CWS,SP,$15750000,5 (2012-16),$65000000,$13000000
"Andrus, Elvis",TEX,SS,$15333333,8 (2015-22),$120000000,$15000000
"Molina, Yadier",STL,C,$15200000,5 (2013-17),$75000000,$15000000
"Upton Jr, Melvin",SD,CF,$15050000,5 (2013-17),$72250000,$14450000
"Swisher, Nick",CLE,RF,$15000000,4 (2013-16),$56000000,$14000000
"Peralta, Jhonny",STL,SS,$15000000,4 (2014-17),$53000000,$13250000
"Beltran, Carlos",NYY,RF,$15000000,3 (2014-16),$45000000,$15000000
"Upton, Justin",SD,LF,$14708333,6 (2010-15),$51250000,$8541667
"Cruz, Nelson",SEA,RF,$14250000,4 (2015-18),$57000000,$14250000
"Votto, Joey",CIN,1B,$14000000,10 (2014-23),$225000000,$22500000
"Choo, Shin-Soo",TEX,RF,$14000000,7 (2014-20),$130000000,$18571429
"Zimmerman, Ryan",WSH,1B,$14000000,6 (2014-19),$100000000,$16666667
"Martinez, Victor",DET,DH,$14000000,4 (2015-18),$68000000,$17000000
"Bautista, Jose",TOR,RF,$14000000,5 (2011-15),$65000000,$13000000
"Ramirez, Aramis",MIL,3B,$14000000,1 (2015),$14000000,$14000000
"Gordon, Alex",KC,LF,$13750000,4 (2012-15),$37500000,$9375000
"Santana, Ervin",MIN,SP,$13500000,4 (2015-18),$55000000,$13750000
"Bourn, Michael",CLE,CF,$13500000,4 (2013-16),$48000000,$12000000
"Jones, Adam",BAL,CF,$13355106,6 (2013-18),$85500000,$14250000
"Uggla, Dan",WSH,2B,$13250000,1 (2015),$13250000,$13250000
"Harrison, Matt",TEX,SP,$13200000,5 (2013-17),$55000000,$11000000
"Braun, Ryan",MIL,RF,$13111111,13 (2008-20),$150000000,$11538461
"Headley, Chase",NYY,3B,$13000000,4 (2015-18),$52000000,$13000000
"Jackson, Edwin",CHC,SP,$13000000,4 (2013-16),$52000000,$13000000
"Papelbon, Jonathan",PHI,RP,$13000000,4 (2012-15),$50000000,$12500000
"Cabrera, Melky",CWS,LF,$13000000,3 (2015-17),$42000000,$14000000
"Victorino, Shane",BOS,RF,$13000000,3 (2013-15),$39000000,$13000000
"Kazmir, Scott",OAK,SP,$13000000,2 (2014-15),$22000000,$11000000
"Gallardo, Yovani",TEX,SP,$13000000,1 (2015),$13000000,$13000000
"Gardner, Brett",NYY,LF,$12500000,4 (2015-18),$52000000,$13000000
"McCarthy, Brandon",LAD,SP,$12500000,4 (2015-18),$48000000,$12000000
"De La Rosa, Jorge",COL,SP,$12500000,2 (2015-16),$25000000,$12500000
"Porcello, Rick",BOS,SP,$12500000,1 (2015),$12500000,$12500000
"Buchholz, Clay",BOS,SP,$12250000,4 (2012-15),$29945000,$7486250
"Garza, Matt",MIL,SP,$12209424,4 (2014-17),$50000000,$12500000
"Cahill, Trevor",ATL,SP,$12200000,5 (2011-15),$30500000,$6100000
"Pedroia, Dustin",BOS,2B,$12142348,8 (2014-21),$110000000,$13750000
"Phillips, Brandon",CIN,2B,$12083333,6 (2012-17),$72500000,$12083333
"Bruce, Jay",CIN,RF,$12041666,6 (2011-16),$51000000,$8500000
"Montero, Miguel",CHC,C,$12000000,5 (2013-17),$60000000,$12000000
"Nolasco, Ricky",MIN,SP,$12000000,4 (2014-17),$49000000,$12250000
"Hill, Aaron",ARI,2B,$12000000,3 (2014-16),$35000000,$11666667
"LaRoche, Adam",CWS,1B,$12000000,2 (2015-16),$25000000,$12500000
"Dickey, R.A.",TOR,SP,$12000000,2 (2014-15),$25000000,$12500000
"Hudson, Tim",SF,SP,$12000000,2 (2014-15),$23000000,$11500000
"Davis, Chris",BAL,1B,$12000000,1 (2015),$12000000,$12000000
"Jimenez, Ubaldo",BAL,SP,$11923102,4 (2014-17),$50000000,$12500000
"Liriano, Francisco",PIT,SP,$11666666,3 (2015-17),$39000000,$13000000
"Longoria, Evan",TB,3B,$11500018,10 (2013-22),$136000000,$13600000
"Fister, Doug",WSH,SP,$11400000,1 (2015),$11400000,$11400000
"Hardy, J.J.",BAL,SS,$11209424,3 (2015-17),$40000000,$13333333
"Gonzalez, Gio",WSH,SP,$11100000,5 (2012-16),$42000000,$8400000
"Markakis, Nick",ATL,RF,$11000000,4 (2015-18),$44000000,$11000000
"Prado, Martin",MIA,3B,$11000000,4 (2013-16),$40000000,$10000000
"Lohse, Kyle",MIL,SP,$11000000,3 (2013-15),$33000000,$11000000
"Crisp, Coco",OAK,CF,$11000000,2 (2015-16),$22000000,$11000000
"Colon, Bartolo",NYM,SP,$11000000,2 (2014-15),$20000000,$10000000
"Desmond, Ian",WSH,SS,$11000000,2 (2014-15),$17500000,$8750000
"Rollins, Jimmy",LAD,SS,$11000000,1 (2015),$11000000,$11000000
"Cespedes, Yoenis",DET,LF,$10500000,4 (2012-15),$36000000,$9000000
"Hunter, Torii",MIN,RF,$10500000,1 (2015),$10500000,$10500000
"Pagan, Angel",SF,CF,$10250000,4 (2013-16),$40000000,$10000000
"McCutchen, Andrew",PIT,CF,$10208333,6 (2012-17),$51500000,$8583333
"Bailey, Homer",CIN,SP,$10000000,6 (2014-19),$105000000,$17500000
"Shields, James",SD,SP,$10000000,4 (2015-18),$75000000,$18750000
"Darvish, Yu",TEX,SP,$10000000,6 (2012-17),$56000000,$9333333
"Robertson, David",CWS,RP,$10000000,4 (2015-18),$46000000,$11500000
"Ramirez, Alexei",CWS,SS,$10000000,4 (2012-15),$32500000,$8125000
"Feldman, Scott",HOU,SP,$10000000,3 (2014-16),$30000000,$10000000
"Encarnacion, Edwin",TOR,1B,$10000000,3 (2013-15),$29000000,$9666667
"Utley, Chase",PHI,2B,$10000000,2 (2014-15),$27000000,$13500000
"Nathan, Joe",DET,RP,$10000000,2 (2014-15),$20000000,$10000000
"Anderson, Brett",LAD,SP,$10000000,1 (2015),$10000000,$10000000
"Haren, Dan",MIA,SP,$10000000,1 (2015),$10000000,$10000000
"Cueto, Johnny",CIN,SP,$10000000,1 (2015),$10000000,$10000000
"Kendrick, Howie",LAD,2B,$9850000,4 (2012-15),$33500000,$8375000
"Kennedy, Ian",SD,SP,$9850000,1 (2015),$9850000,$9850000
"Samardzija, Jeff",CWS,SP,$9800000,1 (2015),$9800000,$9800000
"Leake, Mike",CIN,SP,$9775000,1 (2015),$9775000,$9775000
"Arroyo, Bronson",ARI,P,$9500000,2 (2014-15),$23500000,$11750000
"Rios, Alex",KC,RF,$9500000,1 (2015),$9500000,$9500000
"Fowler, Dexter",CHC,CF,$9500000,1 (2015),$9500000,$9500000
"Masterson, Justin",BOS,SP,$9500000,1 (2015),$9500000,$9500000
"Latos, Mat",MIA,SP,$9400000,1 (2015),$9400000,$9400000
"Garcia, Jaime",STL,SP,$9375000,4 (2012-15),$27000000,$6750000
"Kimbrel, Craig",SD,RP,$9250000,4 (2014-17),$42000000,$10500000
"Hughes, Phil",MIN,SP,$9200000,5 (2015-19),$58000000,$11600000
"Miller, Andrew",NYY,RP,$9000000,4 (2015-18),$36000000,$9000000
"Guthrie, Jeremy",KC,SP,$9000000,3 (2013-15),$25000000,$8333333
"Peavy, Jake",SF,SP,$9000000,2 (2015-16),$24000000,$12000000
"Broxton, Jonathan",MIL,RP,$9000000,3 (2013-15),$21000000,$7000000
"Hammel, Jason",CHC,SP,$9000000,2 (2015-16),$20000000,$10000000
"Uehara, Koji",BOS,RP,$9000000,2 (2015-16),$18000000,$9000000
"Span, Denard",WSH,CF,$9000000,1 (2015),$9000000,$9000000
"Freeman, Freddie",ATL,1B,$8859375,8 (2014-21),$135000000,$16875000
"Heyward, Jason",STL,RF,$8800000,2 (2014-15),$13300000,$6650000
"Norris, Bud",BAL,SP,$8800000,1 (2015),$8800000,$8800000
"Aybar, Erick",LAA,SS,$8750000,4 (2013-16),$35000000,$8750000
"Abreu, Jose",CWS,1B,$8666666,6 (2014-19),$68000000,$11333333
"Loney, James",TB,1B,$8666666,3 (2014-16),$21000000,$7000000
"Vargas, Jason",KC,SP,$8500000,4 (2014-17),$32000000,$8000000
"Ruiz, Carlos",PHI,C,$8500000,3 (2014-16),$26000000,$8666667
"League, Brandon",LAD,RP,$8500000,3 (2013-15),$22500000,$7500000
"Cuddyer, Michael",NYM,LF,$8500000,2 (2015-16),$21000000,$10500000
"Burnett, A.J.",PIT,SP,$8500000,1 (2015),$8500000,$8500000
"Clippard, Tyler",OAK,RP,$8300000,1 (2015),$8300000,$8300000
"Wieters, Matt",BAL,C,$8275000,1 (2015),$8275000,$8275000
"Holland, Greg",KC,RP,$8250000,1 (2015),$8250000,$8250000
"Benoit, Joaquin",SD,RP,$8232595,2 (2014-15),$15500000,$7750000
"Chapman, Aroldis",CIN,RP,$8050000,1 (2015),$8050000,$8050000
"Quentin, Carlos",ATL,LF,$8000000,3 (2013-15),$27000000,$9000000
"Gomez, Carlos",MIL,CF,$8000000,3 (2014-16),$24000000,$8000000
"Lowrie, Jed",HOU,SS,$8000000,3 (2015-17),$23000000,$7666667
"Morton, Charlie",PIT,SP,$8000000,3 (2014-16),$21000000,$7000000
"Byrd, Marlon",CIN,LF,$8000000,2 (2014-15),$16000000,$8000000
"Rasmus, Colby",HOU,LF,$8000000,1 (2015),$8000000,$8000000
"Murphy, Daniel",NYM,2B,$8000000,1 (2015),$8000000,$8000000
"Walker, Neil",PIT,2B,$8000000,1 (2015),$8000000,$8000000
"Uribe, Juan",LAD,3B,$7925000,2 (2014-15),$15000000,$7500000
"Zobrist, Ben",OAK,2B,$7750000,1 (2015),$7750000,$7750000
"Jackson, Austin",SEA,CF,$7700000,1 (2015),$7700000,$7700000
"Infante, Omar",KC,2B,$7500000,4 (2014-17),$30250000,$7562500
"Volquez, Edinson",KC,SP,$7500000,2 (2015-16),$20000000,$10000000
"Morse, Michael",MIA,1B,$7500000,2 (2015-16),$16000000,$8000000
"Lind, Adam",MIL,1B,$7500000,1 (2015),$7500000,$7500000
"Cabrera, Asdrubal",TB,SS,$7500000,1 (2015),$7500000,$7500000
"Jansen, Kenley",LAD,RP,$7425000,1 (2015),$7425000,$7425000
"Holland, Derek",TEX,SP,$7400000,5 (2012-16),$28500000,$5700000
"Strasburg, Stephen",WSH,SP,$7400000,1 (2015),$7400000,$7400000
"Balfour, Grant",TB,RP,$7315956,2 (2014-15),$12000000,$6000000
"Morneau, Justin",COL,1B,$7250000,2 (2014-15),$12500000,$6250000
"Maybin, Cameron",ATL,CF,$7100000,5 (2012-16),$25000000,$5000000
"Niese, Jon",NYM,P,$7050000,5 (2012-16),$25519500,$5103900
"Martin, Russell",TOR,C,$7000000,5 (2015-19),$82000000,$16400000
"Lynn, Lance",STL,SP,$7000000,3 (2015-17),$22000000,$7333333
"Saltalamacchia, Jarrod",MIA,C,$7000000,3 (2014-16),$21000000,$7000000
"Rodney, Fernando",SEA,RP,$7000000,2 (2014-15),$14000000,$7000000
"Iwakuma, Hisashi",SEA,SP,$7000000,1 (2015),$7000000,$7000000
"Street, Huston",LAA,RP,$7000000,1 (2015),$7000000,$7000000
"Soria, Joakim",DET,RP,$7000000,1 (2015),$7000000,$7000000
"Davis, Wade",KC,RP,$7000000,1 (2015),$7000000,$7000000
"Bumgarner, Madison",SF,SP,$6916666,5 (2013-17),$35000000,$7000000
"Trumbo, Mark",ARI,RF,$6900000,1 (2015),$6900000,$6900000
"Castro, Starlin",CHC,SS,$6857142,7 (2013-19),$60000000,$8571428
"Happ, J.A.",SEA,SP,$6700000,1 (2015),$6700000,$6700000
"Butler, Billy",OAK,DH,$6666666,3 (2015-17),$30000000,$10000000
"Cishek, Steve",MIA,RP,$6650000,1 (2015),$6650000,$6650000
"Marshall, Sean",CIN,RP,$6625000,3 (2013-15),$16500000,$5500000
"Stanton, Giancarlo",MIA,RF,$6500000,13 (2015-27),$325000000,$25000000
"Guerrero, Alex",LAD,LF,$6500000,4 (2014-17),$28000000,$7000000
"Morales, Kendrys",KC,DH,$6500000,2 (2015-16),$17000000,$8500000
"Moss, Brandon",CLE,RF,$6500000,1 (2015),$6500000,$6500000
"Freese, David",LAA,3B,$6425000,1 (2015),$6425000,$6425000
"O`Flaherty, Eric",OAK,RP,$6275000,2 (2014-15),$7000000,$3500000
"Parra, Gerardo",MIL,LF,$6237500,1 (2015),$6237500,$6237500
"Puig, Yasiel",LAD,RF,$6214285,7 (2012-18),$42000000,$6000000
"Santana, Carlos",CLE,1B,$6200000,5 (2012-16),$21001900,$4200380
"Trout, Mike",LAA,CF,$6083333,6 (2015-20),$144500000,$24083333
"Sale, Chris",CWS,SP,$6000000,5 (2013-17),$32500000,$6500000
"Johnson, Chris",ATL,3B,$6000000,3 (2015-17),$23500000,$7833333
"Gregerson, Luke",HOU,RP,$6000000,3 (2015-17),$18500000,$6166667
"Affeldt, Jeremy",SF,RP,$6000000,3 (2013-15),$18000000,$6000000
"Romo, Sergio",SF,RP,$6000000,2 (2015-16),$15000000,$7500000
"Smith, Seth",SEA,RF,$6000000,2 (2015-16),$13000000,$6500000
"Murphy, David",CLE,LF,$6000000,2 (2014-15),$12000000,$6000000
"Suzuki, Kurt",MIN,C,$6000000,2 (2015-16),$12000000,$6000000
"Brantley, Michael",CLE,LF,$5875000,4 (2014-17),$25000000,$6250000
"Stubbs, Drew",COL,CF,$5825000,1 (2015),$5825000,$5825000
"Alvarez, Pedro",PIT,1B,$5750000,1 (2015),$5750000,$5750000
"Storen, Drew",WSH,RP,$5700000,1 (2015),$5700000,$5700000
"Wood, Travis",CHC,SP,$5685000,1 (2015),$5685000,$5685000
"Hosmer, Eric",KC,1B,$5650000,2 (2015-16),$13900000,$6950000
"Minor, Mike",ATL,SP,$5600000,1 (2015),$5600000,$5600000
"Simon, Alfredo",DET,SP,$5550000,1 (2015),$5550000,$5550000
"Iannetta, Chris",LAA,C,$5525000,3 (2013-15),$15500000,$5166667
"Craig, Allen",BOS,RF,$5500000,5 (2013-17),$31000000,$6200000
"Logan, Boone",COL,RP,$5500000,3 (2014-16),$16500000,$5500000
"Neshek, Pat",HOU,RP,$5500000,2 (2015-16),$12500000,$6250000
"Howell, J.P.",LAD,RP,$5500000,2 (2014-15),$11250000,$5625000
"Pelfrey, Mike",MIN,SP,$5500000,2 (2014-15),$11000000,$5500000
"Kendrick, Kyle",COL,SP,$5500000,1 (2015),$5500000,$5500000
"Avila, Alex",DET,C,$5400000,1 (2015),$5400000,$5400000
"Melancon, Mark",PIT,RP,$5400000,1 (2015),$5400000,$5400000
"Luebke, Cory",SD,SP,$5375000,4 (2012-15),$12000000,$3000000
"Gee, Dillon",NYM,SP,$5300000,1 (2015),$5300000,$5300000
"Rizzo, Anthony",CHC,1B,$5285714,7 (2013-19),$41000000,$5857142
"Smith, Joe",LAA,RP,$5250000,3 (2014-16),$15750000,$5250000
"Ross, Tyson",SD,SP,$5250000,1 (2015),$5250000,$5250000
"Casilla, Santiago",SF,RP,$5166666,3 (2013-15),$15000000,$5000000
"DeJesus, David",TB,LF,$5114378,2 (2014-15),$10500000,$5250000
"Escobar, Yunel",WSH,3B,$5000000,2 (2015-16),$13000000,$6500000
"McLouth, Nate",WSH,LF,$5000000,2 (2014-15),$10750000,$5375000
"Ziegler, Brad",ARI,RP,$5000000,2 (2014-15),$10500000,$5250000
"Davis, Rajai",DET,CF,$5000000,2 (2014-15),$10000000,$5000000
"Navarro, Dioner",TOR,C,$5000000,2 (2014-15),$8000000,$4000000
"Harang, Aaron",PHI,SP,$5000000,1 (2015),$5000000,$5000000
"Capuano, Chris",NYY,SP,$5000000,1 (2015),$5000000,$5000000
"Jones, Garrett",NYY,1B,$5000000,1 (2015),$5000000,$5000000
"Drew, Stephen",NYY,2B,$5000000,1 (2015),$5000000,$5000000
"De Aza, Alejandro",BAL,LF,$5000000,1 (2015),$500000,$500000
"Reed, Addison",ARI,RP,$4875000,1 (2015),$4875000,$4875000
"Ryu, Hyun-Jin",LAD,SP,$4833333,6 (2013-18),$36000000,$6000000
"McGehee, Casey",SF,3B,$4800000,1 (2015),$4800000,$4800000
"Plouffe, Trevor",MIN,3B,$4800000,1 (2015),$4800000,$4800000
"Martin, Leonys",TEX,CF,$4750000,5 (2011-15),$15500000,$3100000
"Mujica, Edward",BOS,RP,$4750000,2 (2014-15),$9500000,$4750000
"Joyce, Matt",LAA,LF,$4750000,1 (2015),$4750000,$4750000
"Chen, Wei-Yin",BAL,SP,$4750000,1 (2015),$4750000,$4750000
"Perkins, Glen",MIN,RP,$4650000,4 (2014-17),$22175000,$5543750
"Hunter, Tommy",BAL,RP,$4650000,1 (2015),$4650000,$4650000
"Seager, Kyle",SEA,3B,$4500000,7 (2015-21),$100000000,$14285714
"Duke, Zach",CWS,RP,$4500000,3 (2015-17),$15000000,$5000000
"Motte, Jason",CHC,RP,$4500000,1 (2015),$4500000,$4500000
"Grilli, Jason",ATL,RP,$4375000,2 (2015-16),$8000000,$4000000
"Tillman, Chris",BAL,SP,$4315000,1 (2015),$4315000,$4315000
"Donaldson, Josh",TOR,3B,$4300000,1 (2015),$4300000,$4300000
"Hellickson, Jeremy",ARI,SP,$4275000,1 (2015),$4275000,$4275000
"Venable, Will",SD,CF,$4250000,2 (2014-15),$8500000,$4250000
"Ellis, A.J.",LAD,C,$4250000,1 (2015),$4250000,$4250000
"O`Day, Darren",BAL,RP,$4250000,1 (2015),$4250000,$4250000
"Duda, Lucas",NYM,1B,$4200000,1 (2015),$4200000,$4200000
"Valbuena, Luis",HOU,3B,$4200000,1 (2015),$4200000,$4200000
"Carter, Chris",HOU,1B,$4175000,1 (2015),$4175000,$4175000
"Kipnis, Jason",CLE,2B,$4166666,6 (2014-19),$52500000,$8750000
"Jay, Jon",STL,CF,$4125000,2 (2015-16),$10975000,$5487500
"Feliz, Neftali",TEX,RP,$4125000,1 (2015),$4125000,$4125000
"Revere, Ben",PHI,LF,$4100000,1 (2015),$4100000,$4100000
"Reddick, Josh",OAK,RF,$4100000,1 (2015),$4100000,$4100000
"Cashner, Andrew",SD,SP,$4050000,1 (2015),$4050000,$4050000
"Lopez, Javier",SF,RP,$4000000,3 (2014-16),$13000000,$4333333
"Hochevar, Luke",KC,RP,$4000000,2 (2015-16),$10000000,$5000000
"Cobb, Alex",TB,SP,$4000000,1 (2015),$4000000,$4000000
"Lewis, Colby",TEX,SP,$4000000,1 (2015),$4000000,$4000000
"Floyd, Gavin",CLE,SP,$4000000,1 (2015),$4000000,$4000000
"Alvarez, Henderson",MIA,SP,$4000000,1 (2015),$4000000,$4000000
"Castro, Jason",HOU,C,$4000000,1 (2015),$4000000,$4000000
"Gomes, Jonny",ATL,LF,$4000000,1 (2015),$4000000,$4000000
"Aoki, Norichika",SF,LF,$4000000,1 (2015),$4000000,$4000000
"Vogelsong, Ryan",SF,SP,$4000000,1 (2015),$4000000,$4000000
"Wada, Tsuyoshi",CHC,SP,$4000000,1 (2015),$4000000,$4000000
"Estrada, Marco",TOR,SP,$3900000,1 (2015),$3900000,$3900000
"Davis, Ike",OAK,1B,$3800000,1 (2015),$3800000,$3800000
"Carpenter, Matt",STL,3B,$3750000,6 (2014-19),$52000000,$8666667
"Frazier, Todd",CIN,3B,$3750000,2 (2015-16),$12000000,$6000000
"Parnell, Bobby",NYM,RP,$3700000,1 (2015),$3700000,$3700000
"Pearce, Steve",BAL,LF,$3700000,1 (2015),$3700000,$3700000
"Miley, Wade",BOS,SP,$3666666,3 (2015-17),$19250000,$6416667
"Arrieta, Jake",CHC,SP,$3630000,1 (2015),$3630000,$3630000
"Blanco, Gregor",SF,RF,$3600000,2 (2015-16),$7500000,$3750000
"Belt, Brandon",SF,1B,$3600000,1 (2015),$3600000,$3600000
"McGee, Jake",TB,RP,$3550000,1 (2015),$3550000,$3550000
"Ramos, Wilson",WSH,C,$3550000,1 (2015),$3550000,$3550000
"Rodriguez, Francisco",MIL,RP,$3500000,2 (2015-16),$13000000,$6500000
"Hanigan, Ryan",BOS,C,$3500000,3 (2014-16),$10750000,$3583333
"Thornton, Matt",WSH,RP,$3500000,2 (2015-16),$7000000,$3500000
"Parra, Manny",CIN,RP,$3500000,2 (2014-15),$5500000,$2750000
"Janssen, Casey",WSH,RP,$3500000,1 (2015),$3500000,$3500000
"Belisle, Matt",STL,RP,$3500000,1 (2015),$3500000,$3500000
"Aviles, Mike",CLE,SS,$3500000,1 (2015),$3500000,$3500000
"Detwiler, Ross",TEX,SP,$3450000,1 (2015),$3450000,$3450000
"Nova, Ivan",NYY,SP,$3300000,1 (2015),$3300000,$3300000
"Eovaldi, Nathan",NYY,SP,$3300000,1 (2015),$3300000,$3300000
"Pennington, Cliff",ARI,SS,$3275000,1 (2015),$3275000,$3275000
"Gonzalez, Miguel",BAL,SP,$3275000,1 (2015),$3275000,$3275000
"Matusz, Brian",BAL,RP,$3200000,1 (2015),$3200000,$3200000
"Richards, Garrett",LAA,SP,$3200000,1 (2015),$3200000,$3200000
"Britton, Zach",BAL,RP,$3200000,1 (2015),$3200000,$3200000
"Crawford, Brandon",SF,SS,$3175000,1 (2015),$3175000,$3175000
"Jaso, John",TB,C,$3175000,1 (2015),$3175000,$3175000
"Simmons, Andrelton",ATL,SS,$3142857,7 (2014-20),$58000000,$8285714
"Moore, Matt",TB,SP,$3100000,5 (2012-16),$14000000,$2800000
"Lucroy, Jonathan",MIL,C,$3100000,5 (2012-16),$11000000,$2200000
"Hundley, Nick",COL,C,$3100000,2 (2015-16),$6250000,$3125000
"Bastardo, Antonio",PIT,RP,$3100000,1 (2015),$3100000,$3100000
"Jennings, Desmond",TB,LF,$3100000,1 (2015),$3100000,$3100000
"Goldschmidt, Paul",ARI,1B,$3083333,5 (2014-18),$32000000,$6400000
"Jepsen, Kevin",TB,RP,$3025000,1 (2015),$3025000,$3025000
"Escobar, Alcides",KC,SS,$3000000,4 (2012-15),$10500000,$2625000
"Izturis, Maicer",TOR,2B,$3000000,3 (2013-15),$10000000,$3333333
"Choate, Randy",STL,RP,$3000000,3 (2013-15),$7500000,$2500000
"Qualls, Chad",HOU,RP,$3000000,2 (2014-15),$6000000,$3000000
"Bloomquist, Willie",SEA,SS,$3000000,2 (2014-15),$5800000,$2900000
"Callaspo, Alberto",ATL,3B,$3000000,1 (2015),$3000000,$3000000
"Bonifacio, Emilio",CWS,2B,$3000000,1 (2015),$3000000,$3000000
"Martinez, J.D.",DET,RF,$3000000,1 (2015),$3000000,$3000000
"Cotts, Neal",MIL,RP,$3000000,1 (2015),$3000000,$3000000
"Moreland, Mitch",TEX,1B,$2950000,1 (2015),$2950000,$2950000
"Saunders, Michael",TOR,RF,$2875000,1 (2015),$2875000,$2875000
"Kelley, Shawn",SD,RP,$2835000,1 (2015),$2835000,$2835000
"Harrison, Josh",PIT,3B,$2800000,1 (2015),$2800000,$2800000
"Rosario, Wilin",COL,1B,$2800000,1 (2015),$2800000,$2800000
"Milone, Tommy",MIN,SP,$2775000,1 (2015),$2775000,$2775000
"Webb, Ryan",BAL,P,$2750000,2 (2014-15),$4500000,$2250000
"Morrison, Logan",SEA,1B,$2725000,1 (2015),$2725000,$2725000
"Cain, Lorenzo",KC,CF,$2725000,1 (2015),$2725000,$2725000
"Duensing, Brian",MIN,RP,$2700000,1 (2015),$2700000,$2700000
"Altuve, Jose",HOU,2B,$2687500,4 (2014-17),$12500000,$3125000
"Walden, Jordan",STL,RP,$2675000,2 (2015-16),$6600000,$3300000
"Flowers, Tyler",CWS,C,$2675000,1 (2015),$2675000,$2675000
"Soler, Jorge",CHC,RF,$2666666,9 (2012-20),$30000000,$3333333
"Smyly, Drew",TB,SP,$2650000,1 (2015),$2650000,$2650000
"Moustakas, Mike",KC,3B,$2640000,1 (2015),$2640000,$2640000
"Denorfia, Chris",CHC,RF,$2600000,1 (2015),$2600000,$2600000
"Ackley, Dustin",SEA,LF,$2600000,1 (2015),$2600000,$2600000
"Axford, John",COL,RP,$2600000,1 (2015),$2600000,$2600000
"Mejia, Jenrry",NYM,RP,$2595000,1 (2015),$2595000,$2595000
"Mesoraco, Devin",CIN,C,$2525000,4 (2015-18),$28000000,$7000000
"Barney, Darwin",LAD,2B,$2525000,1 (2015),$2525000,$2525000
"Strop, Pedro",CHC,RP,$2525000,1 (2015),$2525000,$2525000
"Coghlan, Chris",CHC,LF,$2505000,1 (2015),$2505000,$2505000
"Ruggiano, Justin",SEA,RF,$2505000,1 (2015),$2505000,$2505000
"Harper, Bryce",WSH,RF,$2500000,2 (2015-16),$7500000,$3750000
"Ross, David",CHC,C,$2500000,2 (2015-16),$5000000,$2500000
"Schumaker, Skip",CIN,LF,$2500000,2 (2014-15),$5000000,$2500000
"Raburn, Ryan",CLE,LF,$2500000,2 (2014-15),$4850000,$2425000
"Perez, Oliver",ARI,RP,$2500000,2 (2014-15),$4250000,$2125000
"Rendon, Anthony",WSH,2B,$2500000,1 (2015),$2500000,$2500000
"Beachy, Brandon",LAD,SP,$2500000,1 (2015),$2500000,$2500000
"Morrow, Brandon",SD,SP,$2500000,1 (2015),$2500000,$2500000
"Young, Chris",NYY,RF,$2500000,1 (2015),$2500000,$2500000
"Hart, Corey",PIT,RF,$2500000,1 (2015),$2500000,$2500000
"Gordon, Dee",MIA,2B,$2500000,1 (2015),$2500000,$2500000
"Brown, Domonic",PHI,RF,$2500000,1 (2015),$2500000,$2500000
"Williams, Jerome",PHI,SP,$2500000,1 (2015),$2500000,$2500000
"Peralta, Joel",LAD,RP,$2500000,1 (2015),$2500000,$2500000
"Kang, Jung-Ho",PIT,3B,$2500000,1 (2015),$2500000,$2500000
"Turner, Justin",LAD,3B,$2500000,1 (2015),$2500000,$2500000
"Cecil, Brett",TOR,RP,$2475000,1 (2015),$2475000,$2475000
"Lyles, Jordan",COL,SP,$2475000,1 (2015),$2475000,$2475000
"Worley, Vance",PIT,SP,$2450000,1 (2015),$2450000,$2450000
"Duffy, Danny",KC,SP,$2425000,1 (2015),$2425000,$2425000
"Cabrera, Everth",BAL,SS,$2400000,1 (2015),$2400000,$2400000
"Blevins, Jerry",NYM,RP,$2400000,1 (2015),$2400000,$2400000
"Rzepczynski, Marc",CLE,RP,$2400000,1 (2015),$2400000,$2400000
"Sipp, Tony",HOU,RP,$2400000,1 (2015),$2400000,$2400000
"Dunn, Mike",MIA,RP,$2350000,2 (2015-16),$5800000,$2900000
"Cozart, Zack",CIN,SS,$2350000,1 (2015),$2350000,$2350000
"Carrasco, Carlos",CLE,SP,$2337500,1 (2015),$2337500,$2337500
"Nicasio, Juan",LAD,RP,$2300000,1 (2015),$2300000,$2300000
"Santiago, Hector",LAA,SP,$2290000,1 (2015),$2290000,$2290000
"Stammen, Craig",WSH,RP,$2250000,1 (2015),$2250000,$2250000
"Young, Delmon",BAL,RF,$2250000,1 (2015),$2250000,$2250000
"Tazawa, Junichi",BOS,RP,$2250000,1 (2015),$2250000,$2250000
"Hawkins, LaTroy",COL,RP,$2250000,1 (2015),$2250000,$2250000
"Chisenhall, Lonnie",CLE,3B,$2250000,1 (2015),$2250000,$2250000
"Coke, Phil",CHC,RP,$2250000,1 (2015),$2250000,$2250000
"Stauffer, Tim",MIN,RP,$2200000,1 (2015),$2200000,$2200000
"Chavez, Jesse",OAK,SP,$2150000,1 (2015),$2150000,$2150000
"Baker, Jeff",MIA,1B,$2100000,2 (2014-15),$3700000,$1850000
"Pineda, Michael",NYY,SP,$2100000,1 (2015),$2100000,$2100000
"Snider, Travis",BAL,RF,$2100000,1 (2015),$2100000,$2100000
"Castillo, Welington",CHC,C,$2100000,1 (2015),$2100000,$2100000
"Petit, Yusmeiro",SF,RP,$2100000,1 (2015),$2100000,$2100000
"Gyorko, Jedd",SD,2B,$2000000,6 (2014-19),$35510900,$5918483
"Dozier, Brian",MIN,2B,$2000000,4 (2015-18),$20000000,$5000000
"Medlen, Kris",KC,RP,$2000000,2 (2015-16),$8500000,$4250000
"Ryan, Brendan",NYY,SS,$2000000,2 (2014-15),$5000000,$2500000
"Pierzynski, A.J.",ATL,C,$2000000,1 (2015),$2000000,$2000000
"Villanueva, Carlos",STL,RP,$2000000,1 (2015),$2000000,$2000000
"Breslow, Craig",BOS,RP,$2000000,1 (2015),$2000000,$2000000
"Hernandez, David",ARI,RP,$2000000,1 (2015),$2000000,$2000000
"Stults, Eric",ATL,SP,$2000000,1 (2015),$2000000,$2000000
"Beckham, Gordon",CWS,3B,$2000000,1 (2015),$2000000,$2000000
"Sizemore, Grady",PHI,RF,$2000000,1 (2015),$2000000,$2000000
"Suzuki, Ichiro",MIA,RF,$2000000,1 (2015),$2000000,$2000000
"Reynolds, Mark",STL,1B,$2000000,1 (2015),$2000000,$2000000
"Weeks, Rickie",SEA,LF,$2000000,1 (2015),$2000000,$2000000
"Crow, Aaron",MIA,RP,$1975000,1 (2015),$1975000,$1975000
"Noesi, Hector",CWS,RP,$1950000,1 (2015),$1950000,$1950000
"Bauer, Trevor",CLE,SP,$1940000,1 (2015),$1940000,$1940000
"Hechavarria, Adeiny",MIA,SS,$1925000,1 (2015),$1925000,$1925000
"Lawrie, Brett",OAK,3B,$1925000,1 (2015),$1925000,$1925000
"Rodriguez, Sean",PIT,1B,$1900000,1 (2015),$1900000,$1900000
"Tejada, Ruben",NYM,SS,$1880000,1 (2015),$1880000,$1880000
"Nava, Daniel",BOS,RF,$1850000,1 (2015),$1850000,$1850000
"Morales, Franklin",KC,RP,$1850000,1 (2015),$1850000,$1850000
"Espinosa, Danny",WSH,2B,$1800000,1 (2015),$1800000,$1800000
"Perez, Salvador",KC,C,$1750000,5 (2012-16),$7000000,$1400000
"Fuld, Sam",OAK,CF,$1750000,1 (2015),$1750000,$1750000
"Watson, Tony",PIT,RP,$1750000,1 (2015),$1750000,$1750000
"Alburquerque, Al",DET,RP,$1725000,1 (2015),$1725000,$1725000
"Iglesias, Raisel",CIN,SP,$1714285,7 (2014-20),$27000000,$3857142
"Wright, Wesley",BAL,RP,$1700000,1 (2015),$1700000,$1700000
"Valencia, Danny",TOR,3B,$1675000,1 (2015),$1675000,$1675000
"Bourjos, Peter",STL,CF,$1650000,1 (2015),$1650000,$1650000
"Alonso, Yonder",SD,1B,$1650000,1 (2015),$1650000,$1650000
"Herrera, Kelvin",KC,RP,$1600000,2 (2015-16),$4150000,$2075000
"Gentry, Craig",OAK,CF,$1600000,1 (2015),$1600000,$1600000
"Johnson, Jim",ATL,RP,$1600000,1 (2015),$1600000,$1600000
"Shaw, Bryan",CLE,RP,$1550000,1 (2015),$1550000,$1550000
"Schafer, Jordan",MIN,CF,$1550000,1 (2015),$1550000,$1550000
"Descalso, Daniel",COL,SS,$1500000,2 (2015-16),$3600000,$1800000
"Ogando, Alexi",BOS,RP,$1500000,1 (2015),$1500000,$1500000
"Billingsley, Chad",PHI,SP,$1500000,1 (2015),$1500000,$1500000
"Soto, Geovany",CWS,C,$1500000,1 (2015),$1500000,$1500000
"Marquis, Jason",CIN,SP,$1500000,1 (2015),$1500000,$1500000
"Mathis, Jeff",MIA,C,$1500000,1 (2015),$1500000,$1500000
"Tomlin, Josh",CLE,SP,$1500000,1 (2015),$1500000,$1500000
"Johnson, Kelly",ATL,3B,$1500000,1 (2015),$1500000,$1500000
"Gregg, Kevin",CIN,RP,$1500000,1 (2015),$1500000,$1500000
"Albers, Matt",CWS,RP,$1500000,1 (2015),$1500000,$1500000
"Rogers, Esmil",NYY,RP,$1480000,1 (2015),$1480000,$1480000
"Collins, Tim",KC,RP,$1475000,1 (2015),$1475000,$1475000
"Arias, Joaquin",SF,SS,$1450000,2 (2014-15),$2600000,$1300000
"Collmenter, Josh",ARI,SP,$1450000,2 (2014-15),$2425000,$1212500
"Mayberry Jr., John",NYM,LF,$1450000,1 (2015),$1450000,$1450000
"Iglesias, Jose",DET,SS,$1443750,1 (2015),$1443750,$1443750
"Pena, Brayan",CIN,C,$1400000,2 (2014-15),$2275000,$1137500
"Phelps, David",MIA,SP,$1400000,1 (2015),$1400000,$1400000
"Wilhelmsen, Tom",SEA,RP,$1400000,1 (2015),$1400000,$1400000
"Fien, Casey",MIN,RP,$1375000,1 (2015),$1375000,$1375000
"Thayer, Dale",SD,RP,$1375000,1 (2015),$1375000,$1375000
"Salas, Fernando",LAA,RP,$1370000,1 (2015),$1370000,$1370000
"Marte, Starling",PIT,LF,$1333333,6 (2014-19),$31000000,$5166667
"Ramos, Cesar",LAA,RP,$1312500,1 (2015),$1312500,$1312500
"Ottavino, Adam",COL,RP,$1300000,1 (2015),$1300000,$1300000
"Furbush, Charlie",SEA,RP,$1300000,1 (2015),$1300000,$1300000
"Barmes, Clint",SD,SS,$1300000,1 (2015),$1300000,$1300000
"Carpenter, David",NYY,RP,$1275000,1 (2015),$1275000,$1275000
"Perez, Martin",TEX,SP,$1250000,4 (2014-17),$12500000,$3125000
"Boesch, Brennan",CIN,RF,$1250000,1 (2015),$1250000,$1250000
"Kelly, Don",MIA,3B,$1250000,1 (2015),$1250000,$1250000
"Frasor, Jason",KC,RP,$1250000,1 (2015),$1250000,$1250000
"Hernandez, Roberto",HOU,SP,$1250000,1 (2015),$1250000,$1250000
"Stewart, Chris",PIT,C,$1225000,1 (2015),$1225000,$1225000
"Dyson, Jarrod",KC,CF,$1225000,1 (2015),$1225000,$1225000
"Lobaton, Jose",WSH,C,$1200000,1 (2015),$1200000,$1200000
"Rivera, Rene",TB,C,$1200000,1 (2015),$1200000,$1200000
"Teheran, Julio",ATL,SP,$1166666,6 (2014-19),$32400000,$5400000
"Archer, Chris",TB,SP,$1166666,6 (2014-19),$25500000,$4250000
"Amarista, Alexi",SD,SS,$1150000,2 (2015-16),$2500000,$1250000
"Pestano, Vinnie",LAA,RP,$1150000,1 (2015),$1150000,$1150000
"Forsythe, Logan",TB,2B,$1100000,1 (2015),$1100000,$1100000
"Ishikawa, Travis",SF,1B,$1100000,1 (2015),$1100000,$1100000
"McKenry, Michael",COL,C,$1087600,1 (2015),$1087600,$1087600
"Abad, Fernando",OAK,RP,$1087500,1 (2015),$1087500,$1087500
"Gomes, Yan",CLE,C,$1083000,6 (2014-19),$23000000,$3833333
"Sogard, Eric",OAK,2B,$1075000,1 (2015),$1075000,$1075000
"Conger, Hank",HOU,C,$1075000,1 (2015),$1075000,$1075000
"Hughes, Jared",PIT,RP,$1075000,1 (2015),$1075000,$1075000
"Flaherty, Ryan",BAL,2B,$1075000,1 (2015),$1075000,$1075000
"Gonzalez, Marwin",HOU,SS,$1062500,1 (2015),$1062500,$1062500
"Nunez, Eduardo",MIN,SS,$1025000,1 (2015),$1025000,$1025000
"Quintana, Jose",CWS,SP,$1000000,5 (2014-18),$21000000,$4200000
"Chatwood, Tyler",COL,SP,$1000000,2 (2015-16),$2000000,$1000000
"Badenhop, Burke",CIN,RP,$1000000,1 (2015),$1000000,$1000000
"Kluber, Corey",CLE,SP,$1000000,1 (2015),$1000000,$1000000
"Young Jr., Eric",ATL,CF,$1000000,1 (2015),$1000000,$1000000
"Laird, Gerald",ARI,C,$1000000,1 (2015),$1000000,$1000000
"Turner, Jacob",CHC,SP,$1000000,1 (2015),$1000000,$1000000
"Chamberlain, Joba",DET,RP,$1000000,1 (2015),$1000000,$1000000
"Thatcher, Joe",HOU,RP,$1000000,1 (2015),$1000000,$1000000
"Johnson, Josh",SD,SP,$1000000,1 (2015),$1000000,$1000000
"Maxwell, Justin",SF,RF,$1000000,1 (2015),$1000000,$1000000
"Smoak, Justin",TOR,1B,$1000000,1 (2015),$1000000,$1000000
"Fujikawa, Kyuji",TEX,RP,$1000000,1 (2015),$1000000,$1000000
"Liz, Radhames",PIT,RP,$1000000,1 (2015),$1000000,$1000000
"Betancourt, Rafael",COL,RP,$1000000,1 (2015),$1000000,$1000000
"Johnson, Reed",WSH,LF,$1000000,1 (2015),$1000000,$1000000
"Gorzelanny, Tom",DET,RP,$1000000,1 (2015),$1000000,$1000000
"Cowgill, Collin",LAA,LF,$995000,1 (2015),$995000,$995000
"Butera, Drew",LAA,C,$987500,1 (2015),$987500,$987500
"Cervelli, Francisco",PIT,C,$987500,1 (2015),$987500,$987500
"Corporan, Carlos",TEX,C,$975000,1 (2015),$975000,$975000
"Guerra, Javy",CWS,P,$937500,1 (2015),$937500,$937500
"Francoeur, Jeff",PHI,RF,$925000,1 (2015),$925000,$925000
"Outman, Josh",ATL,RP,$925000,1 (2015),$925000,$925000
"Rosales, Adam",TEX,3B,$900000,1 (2015),$900000,$900000
"Swarzak, Anthony",CLE,RP,$900000,1 (2015),$900000,$900000
"Herrera, Jonathan",CHC,2B,$900000,1 (2015),$900000,$900000
"Pacheco, Jordan",ARI,C,$900000,1 (2015),$900000,$900000
"Atchison, Scott",CLE,RP,$900000,1 (2015),$900000,$900000
"Blanco, Andres",PHI,SS,$850000,1 (2015),$850000,$850000
"Parker, Jarrod",OAK,SP,$850000,1 (2015),$850000,$850000
"Madson, Ryan",KC,RP,$850000,1 (2015),$850000,$850000
"Nieves, Wil",SD,C,$850000,1 (2015),$850000,$850000
"Maldonado, Martin",MIL,C,$825000,2 (2015-16),$1950000,$975000
"Hudson, Daniel",ARI,RP,$800000,1 (2015),$800000,$800000
"Frieri, Ernesto",TB,RP,$800000,1 (2015),$800000,$800000
"Sanchez, Hector",SF,C,$800000,1 (2015),$800000,$800000
"Gomez, Jeanmar",PHI,RP,$800000,1 (2015),$800000,$800000
"Doolittle, Sean",OAK,RP,$780000,5 (2014-18),$10500000,$2100000
"Cruz, Tony",STL,C,$775000,1 (2015),$775000,$775000
"Ventura, Yordano",KC,SP,$750000,5 (2015-19),$23000000,$4600000
"Boyer, Blaine",MIN,RP,$750000,1 (2015),$750000,$750000
"Bass, Anthony",TEX,RP,$725000,1 (2015),$725000,$725000
"Carlyle, Buddy",NYM,RP,$725000,1 (2015),$725000,$725000
"Wilson, Bobby",TB,C,$700000,1 (2015),$700000,$700000
"Grandal, Yasmani",LAD,C,$693000,1 (2015),$693000,$693000
"Young, Chris",KC,SP,$675000,1 (2015),$675000,$675000
"Jones, Nate",CWS,RP,$660000,1 (2015),$660000,$660000
"Yelich, Christian",MIA,LF,$651000,1 (2015),$651000,$651000
"Fernandez, Jose",MIA,SP,$651000,1 (2015),$651000,$651000
"Cordier, Erik",SF,P,$650000,1 (2015),$650000,$650000
"Harvey, Matt",NYM,SP,$614125,1 (2015),$614125,$614125
"Kelly, Joe",BOS,SP,$603000,1 (2015),$603000,$603000
"Richardson, Antoan",TEX,CF,$600000,1 (2015),$600000,$600000
"McGowan, Dustin",PHI,RP,$600000,1 (2015),$600000,$600000
"Torres, Carlos",NYM,RP,$582125,1 (2015),$582125,$582125
"Varvaro, Anthony",BOS,RP,$576500,1 (2015),$576500,$576500
"Jimenez, Cesar",PHI,RP,$575000,1 (2015),$575000,$575000
"Warren, Adam",NYY,SP,$572600,1 (2015),$572600,$572600
"Koehler, Tom",MIA,SP,$570000,1 (2015),$570000,$570000
"Ross Jr., Robbie",BOS,RP,$566500,1 (2015),$566500,$566500
"Eaton, Adam",CWS,CF,$560000,1 (2015),$560000,$560000
"Layne, Tommy",BOS,RP,$557000,1 (2015),$557000,$557000
"Wilson, Justin",NYY,RP,$556000,1 (2015),$556000,$556000
"Gillaspie, Conor",CWS,3B,$555000,1 (2015),$555000,$555000
"Ozuna, Marcell",MIA,CF,$555000,1 (2015),$555000,$555000
"Gregorius, Didi",NYY,SS,$553900,1 (2015),$553900,$553900
"Robinson, Shane",MIN,CF,$550000,1 (2015),$550000,$550000
"Machado, Manny",BAL,3B,$548000,1 (2015),$548000,$548000
"Allen, Cody",CLE,RP,$547100,1 (2015),$547100,$547100
"Wheeler, Zack",NYM,SP,$546250,1 (2015),$546250,$546250
"Hamilton, Billy",CIN,CF,$545000,1 (2015),$545000,$545000
"Norris, Derek",SD,C,$545000,1 (2015),$545000,$545000
"Rondon, Hector",CHC,RP,$544000,1 (2015),$544000,$544000
"Bogaerts, Xander",BOS,SS,$543000,1 (2015),$543000,$543000
"Middlebrooks, Will",SD,3B,$540500,1 (2015),$540500,$540500
"Cosart, Jarred",MIA,SP,$540000,1 (2015),$540000,$540000
"Mercer, Jordy",PIT,SS,$538000,1 (2015),$538000,$538000
"Calhoun, Kole",LAA,RF,$537500,1 (2015),$537500,$537500
"Gibson, Kyle",MIN,SP,$537500,1 (2015),$537500,$537500
"Diekman, Jake",PHI,RP,$535500,1 (2015),$535500,$535500
"Hoover, J.J.",CIN,RP,$535000,1 (2015),$535000,$535000
"Miller, Shelby",ATL,SP,$535000,1 (2015),$535000,$535000
"Rosenthal, Trevor",STL,RP,$535000,1 (2015),$535000,$535000
"Segura, Jean",MIL,SS,$534000,1 (2015),$534000,$534000
"Adams, Matt",STL,1B,$534000,1 (2015),$534000,$534000
"Escobar, Eduardo",MIN,LF,$532500,1 (2015),$532500,$532500
"Kratz, Erik",KC,C,$532500,1 (2015),$532500,$532500
"Arcia, Oswaldo",MIN,LF,$532500,1 (2015),$532500,$532500
"deGrom, Jacob",NYM,SP,$531875,1 (2015),$531875,$531875
"Morris, Bryan",MIA,RP,$531500,1 (2015),$531500,$531500
"Solano, Donovan",MIA,SS,$531500,1 (2015),$531500,$531500
"Grimm, Justin",CHC,RP,$531500,1 (2015),$531500,$531500
"Cole, Gerrit",PIT,SP,$531000,1 (2015),$531000,$531000
"Locke, Jeff",PIT,SP,$531000,1 (2015),$531000,$531000
"Holt, Brock",BOS,RF,$530500,1 (2015),$530500,$530500
"Ramos, A.J.",MIA,RP,$530000,1 (2015),$530000,$530000
"Santana, Danny",MIN,SS,$530000,1 (2015),$530000,$530000
"Avilan, Luis",ATL,RP,$530000,1 (2015),$530000,$530000
"Maness, Seth",STL,RP,$530000,1 (2015),$530000,$530000
"Roark, Tanner",WSH,RP,$529600,1 (2015),$529600,$529600
"Lagares, Juan",NYM,CF,$528696,1 (2015),$528696,$528696
"De Fratus, Justin",PHI,RP,$528000,1 (2015),$528000,$528000
"Miller, Brad",SEA,SS,$527600,1 (2015),$527600,$527600
"Machi, Jean",SF,RP,$527500,1 (2015),$527500,$527500
"Medina, Yoervis",SEA,RP,$527300,1 (2015),$527300,$527300
"Loup, Aaron",TOR,RP,$527000,1 (2015),$527000,$527000
"Farquhar, Danny",SEA,RP,$527000,1 (2015),$527000,$527000
"Gattis, Evan",HOU,DH,$526500,1 (2015),$526500,$526500
"Delgado, Randall",ARI,RP,$526000,1 (2015),$526000,$526000
"Lough, David",BAL,LF,$525500,1 (2015),$525500,$525500
"Cingrani, Tony",CIN,RP,$525500,1 (2015),$525500,$525500
"Peralta, Wily",MIL,SP,$525500,1 (2015),$525500,$525500
"d`Arnaud, Travis",NYM,C,$525424,1 (2015),$525424,$525424
"Nieuwenhuis, Kirk",NYM,LF,$525415,1 (2015),$525415,$525415
"Vincent, Nick",SD,RP,$525300,1 (2015),$525300,$525300
"Deduno, Samuel",HOU,RP,$525100,1 (2015),$525100,$525100
"Robinson, Clint",WSH,LF,$525000,1 (2015),$525000,$525000
"Polanco, Gregory",PIT,RF,$525000,1 (2015),$525000,$525000
"Castellanos, Nick",DET,3B,$525000,1 (2015),$525000,$525000
"Putnam, Zach",CWS,RP,$525000,1 (2015),$525000,$525000
"Keuchel, Dallas",HOU,SP,$524500,1 (2015),$524500,$524500
"Corbin, Patrick",ARI,SP,$524000,1 (2015),$524000,$524000
"Familia, Jeurys",NYM,RP,$523925,1 (2015),$523925,$523925
"Zunino, Mike",SEA,C,$523500,1 (2015),$523500,$523500
"Garcia, Avisail",CWS,RF,$523000,1 (2015),$523000,$523000
"Brach, Brad",BAL,RP,$523000,1 (2015),$523000,$523000
"Jennings, Dan",CWS,RP,$523000,1 (2015),$523000,$523000
"Torres, Alex",NYM,RP,$522900,1 (2015),$522900,$522900
"Ramirez, Erasmo",TB,SP,$522800,1 (2015),$522800,$522800
"Hatcher, Chris",LAD,RP,$522500,1 (2015),$522500,$522500
"Withrow, Chris",LAD,P,$522500,1 (2015),$522500,$522500
"Bourgeois, Jason",CIN,CF,$522500,1 (2015),$522500,$522500
"Panik, Joe",SF,2B,$522500,1 (2015),$522500,$522500
"Rodriguez, Paco",LAD,RP,$522500,1 (2015),$522500,$522500
"Van Slyke, Scott",LAD,LF,$522500,1 (2015),$522500,$522500
"Odorizzi, Jake",TB,SP,$522000,1 (2015),$522000,$522000
"Gausman, Kevin",BAL,RP,$522000,1 (2015),$522000,$522000
"Kozma, Pete",STL,SS,$522000,1 (2015),$522000,$522000
"Boxberger, Brad",TB,RP,$521400,1 (2015),$521400,$521400
"Edgin, Josh",NYM,RP,$520625,1 (2015),$520625,$520625
"Cumpton, Brandon",PIT,SP,$520500,1 (2015),$520500,$520500
"McAllister, Zach",CLE,RP,$520400,1 (2015),$520400,$520400
"Hutchison, Drew",TOR,SP,$520100,1 (2015),$520100,$520100
"Thompson, Aaron",MIN,RP,$520000,1 (2015),$520000,$520000
"Wood, Alex",ATL,SP,$520000,1 (2015),$520000,$520000
"Romine, Andrew",DET,SS,$520000,1 (2015),$520000,$520000
"Hand, Brad",MIA,RP,$520000,1 (2015),$520000,$520000
"Martinez, Carlos",STL,SP,$520000,1 (2015),$520000,$520000
"Petricka, Jake",CWS,RP,$520000,1 (2015),$520000,$520000
"Wong, Kolten",STL,2B,$520000,1 (2015),$520000,$520000
"Wacha, Michael",STL,SP,$520000,1 (2015),$520000,$520000
"Olt, Mike",CHC,3B,$520000,1 (2015),$520000,$520000
"Redmond, Todd",TOR,RP,$520000,1 (2015),$520000,$520000
"Myers, Wil",SD,CF,$519800,1 (2015),$519800,$519800
"Tolleson, Shawn",TEX,RP,$519700,1 (2015),$519700,$519700
"Pollock, A.J.",ARI,CF,$519500,1 (2015),$519500,$519500
"Davis, Khris",MIL,LF,$519500,1 (2015),$519000,$519000
"Paxton, James",SEA,SP,$519000,1 (2015),$519000,$519000
"Giles, Ken",PHI,RP,$519000,1 (2015),$519000,$519000
"Ryan Murphy, John",NYY,C,$518700,1 (2015),$518700,$518700
"Sellers, Justin",PIT,SS,$518500,1 (2015),$518500,$518500
"Hendriks, Liam",TOR,RP,$518400,1 (2015),$518400,$518400
"Chirinos, Robinson",TEX,C,$518290,1 (2015),$518290,$518290
"Drabek, Kyle",CWS,P,$518200,1 (2015),$518200,$518200
"Moore, Tyler",WSH,LF,$518200,1 (2015),$518200,$518200
"Siegrist, Kevin",STL,RP,$518000,1 (2015),$518000,$518000
"Sanchez, Tony",PIT,C,$518000,1 (2015),$518000,$518000
"Recker, Anthony",NYM,C,$517880,1 (2015),$517880,$517880
"Griffin, A.J.",OAK,SP,$517500,1 (2015),$517500,$517500
"Blackmon, Charlie",COL,CF,$517500,1 (2015),$517500,$517500
"Asche, Cody",PHI,LF,$517500,1 (2015),$517500,$517500
"LeMahieu, DJ",COL,2B,$517500,1 (2015),$517500,$517500
"Pomeranz, Drew",OAK,SP,$517500,1 (2015),$517500,$517500
"Kontos, George",SF,RP,$517500,1 (2015),$517500,$517500
"Shoemaker, Matt",LAA,SP,$517500,1 (2015),$517500,$517500
"Scahill, Rob",PIT,RP,$517500,1 (2015),$517500,$517500
"Despaigne, Odrisamer",SD,SP,$517300,1 (2015),$517300,$517300
"Tolleson, Steve",TOR,2B,$517300,1 (2015),$517300,$517300
"Hagadone, Nick",CLE,RP,$517100,1 (2015),$517100,$517100
"Vargas, Kennys",MIN,1B,$517000,1 (2015),$517000,$517000
"Fields, Josh",HOU,RP,$516700,1 (2015),$516700,$516700
"Gennett, Scooter",MIL,2B,$516500,1 (2015),$516500,$516500
"Cedeno, Xavier",WSH,RP,$516500,1 (2015),$516500,$516500
"Solarte, Yangervis",SD,1B,$516400,1 (2015),$516400,$516400
"McHugh, Collin",HOU,SP,$516300,1 (2015),$516300,$516300
"Giavotella, Johnny",LAA,2B,$516250,1 (2015),$516250,$516250
"Surkamp, Eric",CWS,P,$516000,1 (2015),$516000,$516000
"Shuck, J.B.",CWS,RF,$516000,1 (2015),$516000,$516000
"De La Rosa, Rubby",ARI,SP,$516000,1 (2015),$516000,$516000
"Peacock, Brad",HOU,SP,$515800,1 (2015),$515800,$515800
"Guyer, Brandon",TB,LF,$515800,1 (2015),$515800,$515800
"Oberholtzer, Brett",HOU,SP,$515800,1 (2015),$515800,$515800
"Caminero, Arquimedes",PIT,RP,$515500,1 (2015),$515500,$515500
"Black, Vic",NYM,RP,$515500,1 (2015),$515500,$515500
"Scheppers, Tanner",TEX,RP,$515200,1 (2015),$515200,$515200
"Lambo, Andrew",PIT,RF,$515000,1 (2015),$515000,$515000
"Gose, Anthony",DET,CF,$515000,1 (2015),$515000,$515000
"Joseph, Caleb",BAL,C,$515000,1 (2015),$515000,$515000
"Ruf, Darin",PHI,LF,$515000,1 (2015),$515000,$515000
"Krol, Ian",DET,RP,$515000,1 (2015),$515000,$515000
"Paredes, Jimmy",BAL,2B,$515000,1 (2015),$515000,$515000
"Schoop, Jonathan",BAL,2B,$515000,1 (2015),$515000,$515000
"Martinez, Nick",TEX,SP,$515000,1 (2015),$515000,$515000
"Grossman, Robbie",HOU,LF,$515000,1 (2015),$515000,$515000
"Greene, Shane",DET,SP,$515000,1 (2015),$515000,$515000
"Skaggs, Tyler",LAA,SP,$515000,1 (2015),$515000,$515000
"Stroman, Marcus",TOR,SP,$514700,1 (2015),$514700,$514700
"Betts, Mookie",BOS,CF,$514500,1 (2015),$514500,$514500
"Ramirez, Neil",CHC,RP,$514500,1 (2015),$514500,$514500
"Gosewisch, Tuffy",ARI,C,$514500,1 (2015),$514500,$514500
"Barrett, Aaron",WSH,RP,$514200,1 (2015),$514200,$514200
"Morin, Mike",LAA,RP,$514000,1 (2015),$514000,$514000
"Clevenger, Steve",BAL,C,$514000,1 (2015),$514000,$514000
"Harris, Will",HOU,RP,$513900,1 (2015),$513900,$513900
"Odor, Rougned",TEX,2B,$513850,1 (2015),$513850,$513850
"Kiermaier, Kevin",TB,CF,$513800,1 (2015),$513800,$513800
"Beliveau, Jeff",TB,RP,$513600,1 (2015),$513600,$513600
"Flores, Wilmer",NYM,SS,$513543,1 (2015),$513543,$513543
"Galvis, Freddy",PHI,SS,$513500,1 (2015),$513500,$513500
"Walker, Taijuan",SEA,SP,$513100,1 (2015),$513100,$513100
"Rasmus, Cory",LAA,RP,$513000,1 (2015),$513000,$513000
"Inciarte, Ender",ARI,LF,$513000,1 (2015),$513000,$513000
"Villar, Jonathan",HOU,SS,$513000,1 (2015),$513000,$513000
"La Stella, Tommy",CHC,2B,$513000,1 (2015),$513000,$513000
"Springer, George",HOU,RF,$512900,1 (2015),$512900,$512900
"Treinen, Blake",WSH,RP,$512800,1 (2015),$512800,$512800
"Yates, Kirby",TB,RP,$512800,1 (2015),$512800,$512800
"den Dekker, Matt",WSH,LF,$512792,1 (2015),$512792,$512792
"Cron, C.J.",LAA,DH,$512500,1 (2015),$512500,$512500
"Culberson, Charlie",COL,2B,$512500,1 (2015),$512500,$512500
"Anderson, Chase",ARI,SP,$512500,1 (2015),$512500,$512500
"Owings, Chris",ARI,2B,$512500,1 (2015),$512500,$512500
"Friedrich, Christian",COL,RP,$512500,1 (2015),$512500,$512500
"Vazquez, Christian",BOS,C,$512500,1 (2015),$512500,$512500
"Dickerson, Corey",COL,LF,$512500,1 (2015),$512500,$512500
"Otero, Dan",OAK,RP,$512500,1 (2015),$512500,$512500
"Buchanan, David",PHI,SP,$512500,1 (2015),$512500,$512500
"Hale, David",COL,SP,$512500,1 (2015),$512500,$512500
"Olmos, Edgar",SEA,RP,$512500,1 (2015),$512500,$512500
"Scribner, Evan",OAK,RP,$512500,1 (2015),$512500,$512500
"Negron, Kristopher",CIN,SS,$512500,1 (2015),$512500,$512500
"Hollands, Mario",PHI,RP,$512500,1 (2015),$512500,$512500
"Fiers, Mike",MIL,SP,$512500,1 (2015),$512500,$512500
"Freiman, Nate",OAK,1B,$512500,1 (2015),$512500,$512500
"Arenado, Nolan",COL,3B,$512500,1 (2015),$512500,$512500
"Baez, Pedro",LAD,RP,$512500,1 (2015),$512500,$512500
"Gray, Sonny",OAK,SP,$512500,1 (2015),$512500,$512500
"Vogt, Stephen",OAK,C,$512500,1 (2015),$512500,$512500
"Smith, Will",MIL,RP,$512500,1 (2015),$512500,$512500
"Taylor, Chris",SEA,SS,$512400,1 (2015),$512400,$512400
"Federowicz, Tim",SD,C,$512400,1 (2015),$512400,$512400
"Peralta, David",ARI,LF,$512000,1 (2015),$512000,$512000
"Marshall, Evan",ARI,RP,$512000,1 (2015),$512000,$512000
"Henderson, Jim",MIL,P,$512000,1 (2015),$512000,$512000
"Pillar, Kevin",TOR,CF,$512000,1 (2015),$512000,$512000
"House, T.J.",CLE,SP,$511900,1 (2015),$511900,$511900
"Nelson, Jimmy",MIL,SP,$511500,1 (2015),$511500,$511500
"Ramirez, Jose",CLE,SS,$511300,1 (2015),$511300,$511300
"Marisnick, Jake",HOU,CF,$511200,1 (2015),$511200,$511200
"Martin, Chris",NYY,RP,$511025,1 (2015),$511025,$511025
"Navarro, Efren",LAA,LF,$511000,1 (2015),$511000,$511000
"Montero, Rafael",NYM,RP,$511000,1 (2015),$511000,$511000
"Crockett, Kyle",CLE,RP,$510900,1 (2015),$510900,$510900
"Franklin, Nick",TB,2B,$510900,1 (2015),$510900,$510900
"Sanchez, Aaron",TOR,RP,$510800,1 (2015),$510800,$510800
"Colome, Alex",TB,SP,$510800,1 (2015),$510800,$510800
"Hynes, Colt",TOR,RP,$510800,1 (2015),$510800,$510800
"Jeffress, Jeremy",MIL,RP,$510500,1 (2015),$510500,$510500
"Schafer, Logan",MIL,CF,$510500,1 (2015),$510500,$510500
"Stites, Matt",ARI,RP,$510500,1 (2015),$510500,$510500
"Wright, Steven",BOS,SP,$510500,1 (2015),$510500,$510500
"Thornburg, Tyler",MIL,RP,$510500,1 (2015),$510500,$510500
"Leon, Sandy",BOS,C,$510400,1 (2015),$510400,$510400
"Shreve, Chasen",NYY,RP,$510275,1 (2015),$510275,$510275
"Alcantara, Arismendy",CHC,2B,$510000,1 (2015),$510000,$510000
"Rondon, Bruce",DET,RP,$510000,1 (2015),$510000,$510000
"Sanchez, Carlos",CWS,2B,$510000,1 (2015),$510000,$510000
"Hernandez, Cesar",PHI,2B,$510000,1 (2015),$510000,$510000
"Dominguez, Chris",CIN,3B,$510000,1 (2015),$510000,$510000
"Herrmann, Chris",MIN,C,$510000,1 (2015),$510000,$510000
"Petit, Gregorio",NYY,2B,$510000,1 (2015),$510000,$510000
"Decker, Jaff",PIT,LF,$510000,1 (2015),$510000,$510000
"Pederson, Joc",LAD,CF,$510000,1 (2015),$510000,$510000
"Pettibone, Jonathan",PHI,SP,$510000,1 (2015),$510000,$510000
"Pirela, Jose",NYY,2B,$510000,1 (2015),$510000,$510000
"Phegley, Josh",OAK,C,$510000,1 (2015),$510000,$510000
"Diaz, Jumbo",CIN,RP,$510000,1 (2015),$510000,$510000
"Hendricks, Kyle",CHC,SP,$510000,1 (2015),$510000,$510000
"Semien, Marcus",OAK,SS,$510000,1 (2015),$510000,$510000
"Grichuk, Randal",STL,RF,$510000,1 (2015),$510000,$510000
"Garcia, Yimi",LAD,RP,$510000,1 (2015),$510000,$510000
"Walters, Zach",CLE,SS,$509600,1 (2015),$509600,$509600
"Colon, Christian",KC,SS,$509525,1 (2015),$509525,$509525
"Brown, Brooks",COL,RP,$509500,1 (2015),$509500,$509500
"Smith, Carson",SEA,RP,$509500,1 (2015),$509500,$509500
"Bergman, Christian",COL,RP,$509500,1 (2015),$509500,$509500
"Butler, Eddie",COL,SP,$509500,1 (2015),$509500,$509500
"Alvarez, Jose",LAA,RP,$509500,1 (2015),$509500,$509500
"Profar, Jurickson",TEX,2B,$509500,1 (2015),$509500,$509500
"Klein, Phil",TEX,SP,$509500,1 (2015),$509500,$509500
"Ynoa, Rafael",COL,LF,$509500,1 (2015),$509500,$509500
"Mendez, Roman",TEX,RP,$509500,1 (2015),$509500,$509500
"Matzek, Tyler",COL,SP,$509500,1 (2015),$509500,$509500
"Sucre, Jesus",SEA,C,$509300,1 (2015),$509300,$509300
"Garcia, Luis",PHI,RP,$509000,1 (2015),$509000,$509000
"Duffy, Matt",SF,3B,$509000,1 (2015),$509000,$509000
"Davis, Erik",WSH,RP,$508900,1 (2015),$508900,$508900
"Geltz, Steve",TB,RP,$508900,1 (2015),$508900,$508900
"Karns, Nathan",TB,SP,$508800,1 (2015),$508800,$508800
"Simmons, Shae",ATL,RP,$508750,1 (2015),$508750,$508750
"Norris, Daniel",TOR,SP,$508700,1 (2015),$508700,$508700
"Taylor, Michael",WSH,RF,$508700,1 (2015),$508700,$508700
"Souza Jr., Steven",TB,RF,$508700,1 (2015),$508700,$508700
"Perez, Roberto",CLE,C,$508600,1 (2015),$508600,$508600
"Spangenberg, Cory",SD,2B,$508500,1 (2015),$508500,$508500
"Beeler, Dallas",CHC,SP,$508500,1 (2015),$508500,$508500
"Pompey, Dalton",TOR,CF,$508500,1 (2015),$508500,$508500
"Escobar, Edwin",BOS,RP,$508500,1 (2015),$508500,$508500
"Garces, Frank",SD,RP,$508500,1 (2015),$508500,$508500
"Perez, Hernan",DET,3B,$508500,1 (2015),$508500,$508500
"Lamb, Jake",ARI,3B,$508500,1 (2015),$508500,$508500
"Smolinski, Jake",TEX,LF,$508500,1 (2015),$508500,$508500
"Bonilla, Lisalverto",TEX,RP,$508500,1 (2015),$508500,$508500
"Jimenez, Luis",MIL,3B,$508500,1 (2015),$508500,$508500
"Szczur, Matt",CHC,LF,$508500,1 (2015),$508500,$508500
"Blazek, Michael",MIL,RP,$508500,1 (2015),$508500,$508500
"Ahmed, Nick",ARI,SS,$508500,1 (2015),$508500,$508500
"Rua, Ryan",TEX,LF,$508500,1 (2015),$508500,$508500
"Beckham, Tim",TB,2B,$508100,1 (2015),$508100,$508100
"Rupp, Cameron",PHI,C,$508000,1 (2015),$508000,$508000
"Adams, Austin",CLE,RP,$507700,1 (2015),$507700,$507700
"Chafin, Andrew",ARI,RP,$507500,1 (2015),$507500,$507500
"McKirahan, Andrew",ATL,RP,$507500,1 (2015),$507500,$507500
"Nesbitt, Angel",DET,RP,$507500,1 (2015),$507500,$507500
"DeSclafani, Anthony",CIN,SP,$507500,1 (2015),$507500,$507500
"Bradley, Archie",ARI,SP,$507500,1 (2015),$507500,$507500
"Wojciechowski, Asher",HOU,SP,$507500,1 (2015),$507500,$507500
"Burns, Billy",OAK,CF,$507500,1 (2015),$507500,$507500
"Bethancourt, Christian",ATL,C,$507500,1 (2015),$507500,$507500
"Martin, Cody",ATL,RP,$507500,1 (2015),$507500,$507500
"Winkler, Daniel",ATL,RP,$507500,1 (2015),$507500,$507500
"DeShields Jr., Delino",TEX,CF,$507500,1 (2015),$507500,$507500
"Betances, Dellin",NYY,RP,$507500,1 (2015),$507500,$507500
"Travis, Devon",TOR,2B,$507500,1 (2015),$507500,$507500
"Rucinski, Drew",LAA,RP,$507500,1 (2015),$507500,$507500
"Gomez, Hector",MIL,2B,$507500,1 (2015),$507500,$507500
"Graham, J.R.",MIN,RP,$507500,1 (2015),$507500,$507500
"Peterson, Jace",ATL,2B,$507500,1 (2015),$507500,$507500
"McCann, James",DET,C,$507500,1 (2015),$507500,$507500
"Garcia, Jason",BAL,RP,$507500,1 (2015),$507500,$507500
"Hahn, Jesse",OAK,SP,$507500,1 (2015),$507500,$507500
"Terdoslavich, Joey",ATL,LF,$507500,1 (2015),$507500,$507500
"Lackey, John",STL,SP,$507500,1 (2015),$507500,$507500
"Jaime, Juan",ATL,RP,$507500,1 (2015),$507500,$507500
"Graveman, Kendall",OAK,SP,$507500,1 (2015),$507500,$507500
"Kela, Keone",TEX,RP,$507500,1 (2015),$507500,$507500
"Verrett, Logan",TEX,RP,$507500,1 (2015),$507500,$507500
"Canha, Mark",OAK,1B,$507500,1 (2015),$507500,$507500
"Andriese, Matt",TB,SP,$507500,1 (2015),$507500,$507500
"Johnson, Micah",CWS,2B,$507500,1 (2015),$507500,$507500
"Castro, Miguel",TOR,RP,$507500,1 (2015),$507500,$507500
"Herrera, Odubel",PHI,CF,$507500,1 (2015),$507500,$507500
"Hernandez, Oscar",ARI,C,$507500,1 (2015),$507500,$507500
"Orlando, Paulo",KC,RF,$507500,1 (2015),$507500,$507500
"Gosselin, Phil",ATL,2B,$507500,1 (2015),$507500,$507500
"Alvarez, R.J.",OAK,RP,$507500,1 (2015),$507500,$507500
"Osuna, Roberto",TOR,RP,$507500,1 (2015),$507500,$507500
"Dyson, Sam",MIA,RP,$507500,1 (2015),$507500,$507500
"Gilmartin, Sean",NYM,RP,$507500,1 (2015),$507500,$507500
"Nolin, Sean",OAK,SP,$507500,1 (2015),$507500,$507500
"Featherston, Taylor",LAA,3B,$507500,1 (2015),$507500,$507500
"Thompson, Taylor",OAK,RP,$507500,1 (2015),$507500,$507500
"Pham, Thomas",STL,CF,$507500,1 (2015),$507500,$507500
"Ladendorf, Tyler",OAK,2B,$507500,1 (2015),$507500,$507500
"Olson, Tyler",SEA,RP,$507500,1 (2015),$507500,$507500
