SRRecordID,ServiceRequesNum,SRType,Agency,Neighborhood,StreetAddress,ZipCode,MethodReceived,SRStatus,CreatedDate,StatusDate,DueDate,LastActivity,Outcome,LastActivityDate,GeoLocation
1094344940,15-00072082,WW Water Leak (Exterior),Bureau of Water and Waste Water,CANTON,1013 S CLINTON ST ,21224,Interface,CLOSED,02/01/2015 08:12:00 AM +0000,02/01/2015 06:23:00 PM +0000,02/03/2015 08:12:00 AM +0000,Cityworks SR Comments,UPDATED,,
1094344982,15-00072083,BCLB-Liquor License Complaint,Liquor License Board,GREEKTOWN,500 S LEHIGH ST ,21224,Interface,CLOSED,02/01/2015 08:48:00 AM +0000,02/18/2015 09:12:00 PM +0000,03/21/2015 07:48:00 AM +0000,Dispatch Investigator,Closed,,
1094345013,15-00072084,WW Hydrant Open,Bureau of Water and Waste Water,MILLHILL,2600  WILKENS AVE ,21223,Phone,HOLDLOCK,02/01/2015 09:13:00 AM +0000,02/01/2015 11:07:00 AM +0000,02/02/2015 09:13:00 AM +0000,Cityworks SR Comments,UPDATED,,
1094345094,15-00072085,TRM-Snow/Icy Conditions,Department of Transportation,MEDFIELD,4496  83  N,21209,Phone,CLOSED,02/01/2015 09:24:00 AM +0000,02/04/2015 10:41:00 PM +0000,02/02/2015 09:24:00 AM +0000,Cityworks SR Comments,UPDATED,,
1094345124,15-00072086,TRM-Snow/Icy Conditions,Department of Transportation,EAST BALTIMORE MIDWAY,732  BARTLETT AVE ,21218,Phone,CLOSED,02/01/2015 09:29:00 AM +0000,02/03/2015 09:09:00 PM +0000,02/02/2015 09:29:00 AM +0000,Cityworks SR Comments,UPDATED,,
1094345153,15-00072087,TRM-Snow/Icy Conditions,Department of Transportation,HARFORD-ECHODALE/PERRING PARKWAY,7308  OLD HARFORD RD ,21234,Interface,DUPCLOSD,02/01/2015 09:30:00 AM +0000,02/04/2015 11:30:00 AM +0000,02/02/2015 09:30:00 AM +0000,NULL,NULL,,
1094345221,15-00072089,TRT-Traffic Signal Repairs,Department of Transportation,MADISON PARK,900  MADISON AVE ,21201,Phone,CLOSED,02/01/2015 09:36:00 AM +0000,02/01/2015 01:03:00 PM +0000,02/02/2015 09:36:00 AM +0000,Work Completed,No Trouble Found,,
1094345314,15-00072090,SW-Dirty Alley,Bureau of Solid Waste,FOUR BY FOUR,3331  RAVENWOOD AVE ,21213,Phone,CLOSED,02/01/2015 11:20:00 AM +0000,02/04/2015 01:25:00 AM +0000,02/08/2015 11:20:00 AM +0000,Dispatch Work Crew,Cleaned and removed debris (Close),,
1094345372,15-00072091,ECC-Miscellaneous Request,Mayors Office of Information Technology,HOLLINS MARKET,1100 W LOMBARD ST ,21223,Interface,CLOSED,02/01/2015 11:50:00 AM +0000,02/01/2015 05:31:00 PM +0000,02/06/2015 11:50:00 AM +0000,Abate,Police issues must be called in.,,
1094345398,15-00072092,BGE-StLight(s) Out Rear,Department of Transportation,BELAIR-EDISON,3434  BELAIR RD ,21213,Interface,CLOSED,02/01/2015 12:07:00 PM +0000,02/02/2015 07:39:00 AM +0000,02/05/2015 12:07:00 PM +0000,NULL,NULL,,
1150574348,16-00757146,SW-HGW,Bureau of Solid Waste,BROADWAY EAST,1601 N REGESTER ST,21213,Interface,CLOSED,10/21/2016 09:55:59 AM +0000,11/17/2016 03:43:16 PM +0000,11/20/2016 09:55:59 AM +0000,Dispatch Work Crew,Completed Property Management,11/17/16,"1601 N REGESTER ST
21213
(39.308557, -76.593928)"
1151001753,16-00769869,TRM-Grass Mowing,Department of Transportation,MORRELL PARK,2300 WASHINGTON BLVD,,Internet,DUPCLOSD,10/27/2016 08:24:17 AM +0000,10/28/2016 12:13:40 PM +0000,,Refer to TRM,TRM-Grass Mowing,10/27/16,"2300 WASHINGTON BLVD
BALTIMORE, MD
(39.269372, -76.649316)"
1150561240,16-00756754,SW-Rat Rubout - Proactive,Bureau of Solid Waste,MIDTOWN-EDMONDSON,1111 APPLETON ST,21217,Mass Entry,CLOSED,10/17/2016 12:00:00 AM +0000,10/17/2016 12:00:00 AM +0000,10/22/2016 12:00:00 AM +0000,Dispatch Investigator,No Active Rodent Sign,10/17/16,"1111 APPLETON ST
21217
(39.301415, -76.648541)"
1150572652,16-00757093,SW-HGW,Bureau of Solid Waste,BIDDLE STREET,1028 N MILTON AVE,21205,Interface,CLOSED,10/21/2016 09:54:55 AM +0000,11/02/2016 09:09:36 AM +0000,11/20/2016 09:54:55 AM +0000,Dispatch Work Crew,Completed Property Management,10/31/16,"1028 N MILTON AVE
21205
(39.303088, -76.582565)"
1151003992,16-00769940,SW-Rat Rubout - Proactive,Bureau of Solid Waste,WAVERLY,600 E 35TH ST,21218,Mass Entry,CLOSED,10/26/2016 12:00:00 AM +0000,10/26/2016 12:00:00 AM +0000,10/31/2016 12:00:00 AM +0000,Dispatch Investigator,No Active Rodent Sign,10/26/16,"600 E 35TH ST
21218
(39.330868, -76.608018)"
1150568031,16-00756939,TRM-Illegal Sign Removal,Department of Transportation,DOWNTOWN,316 N CHARLES ST,21201,Phone,CLOSED,10/21/2016 09:31:09 AM +0000,10/21/2016 04:05:52 PM +0000,10/24/2016 09:31:09 AM +0000,Dispatch Work Crew,Sign not illegal-TRM,10/21/16,"316 N CHARLES ST
21201
(39.293043, -76.615397)"
1150586192,16-00757519,,Department of Transportation,FRANKFORD,5406 RADECKE AVE,21206,Phone,CLOSED,10/21/2016 10:52:46 AM +0000,12/06/2016 11:48:29 AM +0000,11/20/2016 10:52:46 AM +0000,,,12/6/16,"5406 RADECKE AVE
21206
(39.329256, -76.540785)"
1150575236,16-00757173,SW-HGW,Bureau of Solid Waste,CENTRAL PARK HEIGHTS,3939 REISTERSTOWN RD,21215,Interface,CLOSED,10/21/2016 09:56:29 AM +0000,11/17/2016 04:07:21 PM +0000,11/20/2016 09:56:29 AM +0000,Dispatch Work Crew,Canceled Property Management,11/17/16,"3939 REISTERSTOWN RD
21215
(39.333411, -76.663676)"
1150561875,16-00756771,SW-Rat Rubout - Proactive,Bureau of Solid Waste,MIDTOWN-EDMONDSON,1128 N MONROE ST,21217,Mass Entry,CLOSED,10/17/2016 12:00:00 AM +0000,10/17/2016 12:00:00 AM +0000,10/22/2016 12:00:00 AM +0000,Dispatch Investigator,No Active Rodent Sign,10/17/16,"1128 N MONROE ST
21217
(39.301554, -76.64769)"
1149370382,16-00721812,Forestry Fallen Limb,Department of Recreation and Parks,FELLS POINT,306 S REGESTER ST,21231,Internet,CLOSED,10/05/2016 07:56:34 PM +0000,10/08/2016 06:57:34 AM +0000,10/06/2016 07:56:34 PM +0000,Dispatch Work Crew,Removed entire limb,10/8/16,"306 S REGESTER ST
21231
(39.287316, -76.592378)"
1149564131,16-00727358,TRS-Abandoned Vehicle,Department of Transportation,UPPER FELLS POINT,405 S COLLINGTON AVE,21231,Mobile Apps,CLOSED,10/08/2016 08:53:11 AM +0000,10/17/2016 07:55:20 AM +0000,10/13/2016 08:53:11 AM +0000,Dispatch PCA,Gone On Arrival (Closed),10/17/16,"405 S COLLINGTON AVE
21231
(39.286468, -76.585904)"
1150838452,16-00765103,ECC-Vehicle Look Up,Mayors Office of Information Technology,WALBROOK,2715 CLIFTON AVE,21216,Phone,CLOSED,10/25/2016 11:17:50 AM +0000,10/25/2016 11:17:50 AM +0000,10/25/2016 11:17:50 AM +0000,,,,"2715 CLIFTON AVE
21216
(39.311419, -76.66348)"
1151024277,16-00770466,SW-Rat Rubout - Proactive,Bureau of Solid Waste,PARKLANE,4406 FINNEY AVE,21215,Mass Entry,CLOSED,10/26/2016 12:00:00 AM +0000,10/26/2016 12:00:00 AM +0000,10/31/2016 12:00:00 AM +0000,Dispatch Investigator,Area Baited,10/26/16,"4406 FINNEY AVE
21215
(39.341542, -76.661317)"
1150560573,16-00756736,SW-Rat Rubout - Proactive,Bureau of Solid Waste,MIDTOWN-EDMONDSON,1032 APPLETON ST,21217,Mass Entry,CLOSED,10/17/2016 12:00:00 AM +0000,10/17/2016 12:00:00 AM +0000,10/22/2016 12:00:00 AM +0000,Dispatch Investigator,No Active Rodent Sign,10/17/16,"1032 APPLETON ST
21217
(39.300731, -76.648493)"
1150568185,16-00756946,WW-Water Turn Off/On (Bill),Bureau of Water and Waste Water,TEN HILLS,219 ATHOLGATE LN,21229,Phone,OPEN,10/21/2016 09:32:16 AM +0000,10/21/2016 09:32:16 AM +0000,10/28/2016 09:32:16 AM +0000,,,,"219 ATHOLGATE LN
21229
(39.285479, -76.696753)"
1150576940,16-00757226,SW-HGW,Bureau of Solid Waste,KERNEWOOD,4656 YORK RD,21212,Interface,CLOSED,10/21/2016 09:57:22 AM +0000,11/17/2016 04:07:09 PM +0000,11/20/2016 09:57:22 AM +0000,Dispatch Work Crew,Canceled Property Management,11/16/16,"4656 YORK RD
21212
(39.346116, -76.609604)"
1150623320,16-00758649,SW-Rat Rubout,Bureau of Solid Waste,NEW NORTHWOOD,1241 WOODBOURNE AVE,21239,Phone,CLOSED,10/21/2016 04:07:14 PM +0000,10/24/2016 02:54:34 PM +0000,11/04/2016 04:07:14 PM +0000,Dispatch Investigator,Area Baited,10/24/16,"1241 WOODBOURNE AVE
21239
(39.353956, -76.596261)"
1150619950,16-00758544,,Department of Transportation,BROADWAY EAST,2408 LLEWELYN AVE,21213,Phone,CLOSED,10/21/2016 03:40:01 PM +0000,10/26/2016 06:11:33 PM +0000,11/20/2016 03:40:01 PM +0000,,,10/26/16,"2408 LLEWELYN AVE
21213
(39.307354, -76.583643)"
1150566611,16-00756897,SW-Municipal Trash Can Concern,Bureau of Solid Waste,BETTER WAVERLY,600 E 29TH ST,21218,Phone,CLOSED,10/21/2016 09:21:21 AM +0000,12/22/2016 10:08:58 AM +0000,11/20/2016 09:21:21 AM +0000,Acknowledged Concern,Completed,12/22/16,"600 E 29TH ST
21218
(39.32378, -76.608442)"
1150835277,16-00765011,SW-Dirty Street,Bureau of Solid Waste,FAIRFIELD AREA,3301 CHILDS ST,21226,Mobile Apps,CLOSED,10/25/2016 10:50:04 AM +0000,11/02/2016 03:49:19 PM +0000,11/01/2016 10:50:04 AM +0000,Dispatch Work Crew,Cleaned and removed debris (Close),11/2/16,"3301 CHILDS ST
21226
(39.238439, -76.586977)"
1150557423,16-00756644,,Department of Transportation,GLEN,5802 WINNER AVE,21215,Phone,OPEN,10/21/2016 08:40:12 AM +0000,11/29/2016 10:17:17 AM +0000,11/20/2016 08:40:12 AM +0000,,Application sent,10/21/16,"5802 WINNER AVE
21215
(39.357071, -76.681557)"
1150563650,16-00756819,SW-Rat Rubout - Proactive,Bureau of Solid Waste,HARLEM PARK,1824 W LANVALE ST,21217,Mass Entry,CLOSED,10/17/2016 12:00:00 AM +0000,10/17/2016 12:00:00 AM +0000,10/22/2016 12:00:00 AM +0000,Dispatch Investigator,No Active Rodent Sign,10/17/16,"1824 W LANVALE ST
21217
(39.297511, -76.646903)"
1150576647,16-00757216,SW-HGW,Bureau of Solid Waste,BELAIR-PARKSIDE,4107 EIERMAN AVE,21206,Interface,CLOSED,10/21/2016 09:57:13 AM +0000,11/17/2016 04:07:01 PM +0000,11/20/2016 09:57:13 AM +0000,Dispatch Work Crew,Canceled Property Management,11/17/16,"4107 EIERMAN AVE
21206
(39.329933, -76.565949)"
1150561835,16-00756770,SW-Rat Rubout - Proactive,Bureau of Solid Waste,MIDTOWN-EDMONDSON,1126 N MONROE ST,21217,Mass Entry,CLOSED,10/17/2016 12:00:00 AM +0000,10/17/2016 12:00:00 AM +0000,10/22/2016 12:00:00 AM +0000,Dispatch Investigator,No Active Rodent Sign,10/17/16,"1126 N MONROE ST
21217
(39.301509, -76.647688)"
1151023351,16-00770435,BGE-StLight(s) Out,Department of Transportation,INNER HARBOR,202 S CHARLES ST,21201,Phone,CLOSED,10/27/2016 09:25:45 AM +0000,10/29/2016 12:38:46 AM +0000,10/31/2016 09:25:45 AM +0000,,,,"202 S CHARLES ST
21201
(39.287306, -76.614959)"
1150585351,16-00757493,TRS-Abandoned Vehicle,Department of Transportation,MID-GOVANS,827 BRADHURST RD,21212,Mobile Apps,CLOSED,10/21/2016 10:46:34 AM +0000,10/26/2016 06:57:02 PM +0000,10/26/2016 10:46:34 AM +0000,Dispatch PCA,Gone On Arrival (Closed),10/26/16,"827 BRADHURST RD
21212
(39.359016, -76.604145)"
1150772111,16-00763083,TRS-Abandoned Vehicle,Department of Transportation,BEREA,3028 E FEDERAL ST,21213,Phone,CLOSED,10/24/2016 04:00:29 PM +0000,10/25/2016 04:59:13 PM +0000,10/29/2016 04:00:29 PM +0000,Dispatch PCA,Gone On Arrival (Closed),10/25/16,"3028 E FEDERAL ST
21213
(39.309277, -76.574702)"
1150572980,16-00757104,SW-HGW,Bureau of Solid Waste,FRANKLINTOWN ROAD,2950 EDMONDSON AVE,21223,Interface,CLOSED,10/21/2016 09:55:06 AM +0000,11/21/2016 10:04:58 AM +0000,11/20/2016 09:55:06 AM +0000,Dispatch Work Crew,Completed Property Management,11/18/16,"2950 EDMONDSON AVE
21223
(39.294402, -76.666544)"
1150585832,16-00757507,TRS-Parking Complaints,Department of Transportation,FELLS POINT,1815 THAMES ST,21231,Mobile Apps,DUPCLOSD,10/21/2016 10:50:37 AM +0000,10/21/2016 10:50:37 AM +0000,10/22/2016 10:50:37 AM +0000,,,,"1815 THAMES ST
21231
(39.281941, -76.590557)"
1150584932,16-00757481,SW-Rat Rubout - Proactive,Bureau of Solid Waste,JOHNSTON SQUARE,1301 WILCOX ST,21202,Mass Entry,CLOSED,10/20/2016 12:00:00 AM +0000,10/20/2016 12:00:00 AM +0000,10/25/2016 12:00:00 AM +0000,Dispatch Investigator,No Active Rodent Sign,10/20/16,"1301 WILCOX ST
21202
(39.305303, -76.604381)"
1150586269,16-00757522,WW Water Meter Cover Missing /Damaged,Bureau of Water and Waste Water,GWYNNS FALLS,3224 KINGSLEY ST,21229,Phone,CLOSED,10/21/2016 10:54:05 AM +0000,10/28/2016 12:00:00 AM +0000,10/28/2016 10:54:05 AM +0000,Cityworks SR Comments,UPDATED,10/28/16,"3224 KINGSLEY ST
21229
(39.278804, -76.670387)"
1150574915,16-00757163,SW-HGW,Bureau of Solid Waste,FOUR BY FOUR,3201 LYNDALE AVE,21213,Interface,CLOSED,10/21/2016 09:56:19 AM +0000,11/21/2016 10:05:04 AM +0000,11/20/2016 09:56:19 AM +0000,Dispatch Work Crew,Completed Property Management,11/18/16,"3201 LYNDALE AVE
21213
(39.316448, -76.578368)"
1150573272,16-00757113,SW-Cleaning,Bureau of Solid Waste,MOSHER,2738 HARLEM AVE,21216,Interface,CLOSED,10/21/2016 09:55:18 AM +0000,11/28/2016 09:39:47 AM +0000,11/20/2016 09:55:18 AM +0000,Dispatch Work Crew,Canceled Property Management,11/18/16,"2738 HARLEM AVE
21216
(39.295548, -76.662534)"
1150575104,16-00757169,SW-HGW,Bureau of Solid Waste,FOUR BY FOUR,3165 LYNDALE AVE,21213,Interface,CLOSED,10/21/2016 09:56:25 AM +0000,11/21/2016 10:05:04 AM +0000,11/20/2016 09:56:25 AM +0000,Dispatch Work Crew,Completed Property Management,11/18/16,"3165 LYNDALE AVE
21213
(39.316442, -76.57859)"
1150569170,16-00756981,Forestry Tree Removal,Department of Recreation and Parks,UPPER FELLS POINT,1906 BANK ST,21231,Phone,CLOSED,10/21/2016 09:38:42 AM +0000,11/21/2016 02:54:58 PM +0000,04/19/2017 09:38:42 AM +0000,Dispatch Inspector,Tree Removal,10/21/16,"1906 BANK ST
21231
(39.286761, -76.58987)"
1150571544,16-00757070,SW-Graffiti Removal Unscheduled,Bureau of Solid Waste,COLDSTREAM HOMESTEAD MONTEBELLO,2709 LOCH RAVEN RD,21218,Mass Entry,CLOSED,10/20/2016 12:00:00 AM +0000,10/20/2016 12:00:00 AM +0000,10/20/2016 12:00:00 AM +0000,Dispatch Work Crew,Graffiti Cleaned and Removed,10/20/16,"2709 LOCH RAVEN RD
21218
(39.320814, -76.604328)"
1150581834,16-00757374,SW-Graffiti Removal Unscheduled,Bureau of Solid Waste,ABELL,3116 GREENMOUNT AVE,21218,Mass Entry,CLOSED,10/20/2016 12:00:00 AM +0000,10/20/2016 12:00:00 AM +0000,10/20/2016 12:00:00 AM +0000,Dispatch Work Crew,Graffiti Cleaned and Removed,10/20/16,"3116 GREENMOUNT AVE
21218
(39.32622, -76.609408)"
1150556191,16-00756611,TRM-Illegal Sign Removal,Department of Transportation,FOUR BY FOUR,2101 BELAIR RD,21213,Phone,CLOSED,10/21/2016 08:28:32 AM +0000,10/21/2016 12:20:53 PM +0000,10/24/2016 08:28:32 AM +0000,Dispatch Work Crew,Sign Removed (Close),10/21/16,"2101 BELAIR RD
21213
(39.316157, -76.579923)"
1150940543,16-00768073,SW-Leaf Collection Scheduling,Bureau of Solid Waste,ASHBURTON,3534 LYNCHESTER RD,21215,Phone,CLOSED,10/26/2016 11:01:53 AM +0000,11/14/2016 04:53:46 PM +0000,03/05/2017 11:01:53 AM +0000,Collected bags,Closed,11/14/16,"3534 LYNCHESTER RD
21215
(39.327227, -76.668793)"
1150562022,16-00756775,HCD-Vacant Building,HCD-Department of Housing,RESERVOIR HILL,802 NEWINGTON AVE,21217,Phone,CLOSED,10/21/2016 09:08:13 AM +0000,10/26/2016 03:25:44 PM +0000,11/05/2016 09:08:13 AM +0000,Dispatch Inspector,Condition Does Not Exist,10/26/16,"802 NEWINGTON AVE
21217
(39.313586, -76.632059)"
1150557536,16-00756650,HLTH-Animal-Animal In Danger/Injured/Abused/Neglected,Health Department,WYNDHURST,604 GLADSTONE AVE,21210,Phone,CLOSED,10/21/2016 08:41:27 AM +0000,10/21/2016 06:44:43 PM +0000,10/24/2016 08:41:27 AM +0000,Investigation,Resolved  Close SR,10/21/16,"604 GLADSTONE AVE
21210
(39.354168, -76.630406)"
1150582905,16-00757414,SW-Graffiti Removal Unscheduled,Bureau of Solid Waste,MID-TOWN BELVEDERE,12 W CHASE ST,21201,Mass Entry,CLOSED,10/20/2016 12:00:00 AM +0000,10/20/2016 12:00:00 AM +0000,10/20/2016 12:00:00 AM +0000,Dispatch Work Crew,Graffiti Cleaned and Removed,10/20/16,"12 W CHASE ST
21201
(39.302344, -76.616966)"
1150560403,16-00756731,TRS-Parking Complaints,Department of Transportation,PERRING LOCH,2000 HILLENWOOD RD,21239,Phone,CLOSED,10/21/2016 09:04:11 AM +0000,10/21/2016 11:07:47 AM +0000,10/22/2016 09:04:11 AM +0000,Dispatch PCA,No Violation Found,10/21/16,"2000 HILLENWOOD RD
21239
(39.354095, -76.580227)"
1150571944,16-00757075,HCD-Sanitation Property,HCD-Department of Housing,ALLENDALE,508 DENISON ST,21229,Phone,CLOSED,10/21/2016 09:54:05 AM +0000,10/24/2016 04:10:32 PM +0000,10/31/2016 09:54:05 AM +0000,,Send Message,10/24/16,"508 DENISON ST
21229
(39.293113, -76.674093)"
1150777246,16-00763244,SW-Dirty Street - Proactive,Bureau of Solid Waste,IRVINGTON,4100 FREDERICK AVE,21229,Mass Entry,CLOSED,10/24/2016 04:57:36 PM +0000,10/24/2016 04:57:36 PM +0000,10/31/2016 04:57:36 PM +0000,Dispatch Work Crew,Cleaned and removed debris (Close),10/24/16,"4100 FREDERICK AVE
21229
(39.281712, -76.683434)"
1150555604,16-00756597,PABC-Handicapped Parking Request,Parking Authority of Baltimore City Inc.,HOWARD PARK,2919 FENDALL RD,21207,Phone,CLOSED,10/21/2016 08:19:46 AM +0000,10/24/2016 02:02:31 PM +0000,11/04/2016 08:19:46 AM +0000,,,,"2919 FENDALL RD
21207
(39.326981, -76.705871)"
1150557038,16-00756633,HCD-Sanitation Property,HCD-Department of Housing,LIBERTY SQUARE,2313 WICHITA AVE,21215,Phone,CLOSED,10/21/2016 08:37:44 AM +0000,10/31/2016 04:01:56 PM +0000,10/31/2016 08:37:44 AM +0000,,Send Message,10/31/16,"2313 WICHITA AVE
21215
(39.322158, -76.656611)"
1150624257,16-00758676,SW-Rat Rubout,Bureau of Solid Waste,LAKE WALKER,736 E LAKE AVE,21212,Internet,CLOSED,10/21/2016 04:13:53 PM +0000,10/24/2016 03:00:56 PM +0000,11/04/2016 04:13:53 PM +0000,Dispatch Investigator,No Active Rodent Sign,10/24/16,"736 E LAKE AVE
21212
(39.366871, -76.605625)"
1150556337,16-00756615,SW-Rat Rubout - Proactive,Bureau of Solid Waste,OLIVER,1423 AISQUITH ST,21202,Mass Entry,CLOSED,10/20/2016 12:00:00 AM +0000,10/20/2016 12:00:00 AM +0000,10/25/2016 12:00:00 AM +0000,Dispatch Investigator,Area Baited,10/20/16,"1423 AISQUITH ST
21202
(39.306886, -76.602329)"
1150573366,16-00757116,SW-Cleaning,Bureau of Solid Waste,FOUR BY FOUR,3236 LYNDALE AVE,21213,Interface,CLOSED,10/21/2016 09:55:21 AM +0000,10/27/2016 09:11:16 AM +0000,11/20/2016 09:55:21 AM +0000,Dispatch Work Crew,Canceled Property Management,10/25/16,"3236 LYNDALE AVE
21213
(39.316461, -76.577292)"
1150563927,16-00756827,SW-Rat Rubout - Proactive,Bureau of Solid Waste,HARLEM PARK,1817 RAYNER AVE,21217,Mass Entry,CLOSED,10/17/2016 12:00:00 AM +0000,10/17/2016 12:00:00 AM +0000,10/22/2016 12:00:00 AM +0000,Dispatch Investigator,No Active Rodent Sign,10/17/16,"1817 RAYNER AVE
21217
(39.296925, -76.646696)"
1150575962,16-00757196,SW-Boarding,Bureau of Solid Waste,BREWERS HILL,3807 FAIT AVE,21224,Interface,CLOSED,10/21/2016 09:56:51 AM +0000,10/27/2016 09:08:43 AM +0000,10/28/2016 09:56:51 AM +0000,Dispatch Work Crew,Completed Property Management,10/21/16,"3807 FAIT AVE
21224
(39.283656, -76.564766)"
1112333280,15-00653227,SW-Rat Rubout - Proactive,Bureau of Solid Waste,ARLINGTON,3674 W ROGERS AVE ,21215,Mass Entry,CLOSED,08/13/2015 12:00:00 AM +0000,08/13/2015 12:00:00 AM +0000,08/18/2015 12:00:00 AM +0000,Dispatch Investigator,No Active Rodent Sign,8/13/15,"3674 W ROGERS AVE
21215
(39.351048, -76.684492)"
1150573672,16-00757125,SW-Boarding,Bureau of Solid Waste,POPPLETON,1085 W FAYETTE ST,21223,Interface,CLOSED,10/21/2016 09:55:34 AM +0000,10/27/2016 09:07:04 AM +0000,10/28/2016 09:55:34 AM +0000,Dispatch Work Crew,Completed Property Management,10/24/16,"1085 W FAYETTE ST
21223
(39.289816, -76.636291)"
1150553194,16-00756521,HLTH-Animal-Dead Animal Pick Up - Wildlife or Stray,Health Department,MORGAN STATE UNIVERSITY,2089 ECHODALE AVE,21239,Mobile Apps,CLOSED,10/21/2016 07:43:56 AM +0000,10/23/2016 06:19:12 PM +0000,10/28/2016 07:43:56 AM +0000,Investigation,Resolved  Close SR,10/23/16,"2089 ECHODALE AVE
21239
(39.354152, -76.574201)"
1150622248,16-00758615,SW-Dirty Street - Proactive,Bureau of Solid Waste,PENN NORTH,1300 W NORTH AVE,21217,Mass Entry,CLOSED,10/21/2016 03:56:50 PM +0000,10/21/2016 03:56:50 PM +0000,10/28/2016 03:56:50 PM +0000,Dispatch Work Crew,Cleaned and removed debris (Close),10/21/16,"1300 W NORTH AVE
21217
(39.310242, -76.638603)"
1150574850,16-00757161,SW-HGW,Bureau of Solid Waste,BROADWAY EAST,1903 E FEDERAL ST,21213,Interface,CLOSED,10/21/2016 09:56:16 AM +0000,11/21/2016 10:04:28 AM +0000,11/20/2016 09:56:16 AM +0000,Dispatch Work Crew,Completed Property Management,11/18/16,"1903 E FEDERAL ST
21213
(39.30866, -76.591433)"
1150583441,16-00757435,TRS-Parking Complaints,Department of Transportation,SBIC,1700 OLIVE ST,21230,Phone,CLOSED,10/21/2016 10:32:42 AM +0000,10/21/2016 11:57:47 AM +0000,10/22/2016 10:32:42 AM +0000,Dispatch PCA,Citation Issued,10/21/16,"1700 OLIVE ST
21230
(39.270484, -76.614543)"
1150557807,16-00756659,TRS-48 Hour Parking Complaint,Department of Transportation,ALLENDALE,3400 W FRANKLIN ST,21229,Phone,CLOSED,10/21/2016 08:43:52 AM +0000,10/26/2016 06:36:19 PM +0000,10/26/2016 08:43:52 AM +0000,Dispatch PCA,Gone On Arrival (Closed),10/26/16,"3400 W FRANKLIN ST
21229
(39.292746, -76.674521)"
1150940029,16-00768055,SW-Dirty Alley,Bureau of Solid Waste,ALLENDALE,315 LYNDHURST ST,21229,Phone,CLOSED,10/26/2016 10:56:33 AM +0000,11/09/2016 03:15:24 PM +0000,11/02/2016 10:56:33 AM +0000,Dispatch Work Crew,Cleaned and removed debris (Close),11/9/16,"315 LYNDHURST ST
21229
(39.291176, -76.680404)"
1150771074,16-00763058,SW-Rat Rubout - Proactive,Bureau of Solid Waste,DARLEY PARK,1638 DARLEY AVE,21213,Mass Entry,CLOSED,10/20/2016 12:00:00 AM +0000,10/20/2016 12:00:00 AM +0000,10/25/2016 12:00:00 AM +0000,Dispatch Investigator,No Active Rodent Sign,10/20/16,"1638 DARLEY AVE
21213
(39.314653, -76.595146)"
1150567933,16-00756936,HCD-Sanitation Property,HCD-Department of Housing,CARROLLTON RIDGE,2219 WILKENS AVE,21223,Phone,CLOSED,10/21/2016 09:30:30 AM +0000,10/28/2016 11:09:02 AM +0000,10/31/2016 09:30:30 AM +0000,,Send Message,10/28/16,"2219 WILKENS AVE
21223
(39.28053, -76.651)"
1150557674,16-00756655,ECC-Vehicle Look Up,Mayors Office of Information Technology,EDMONDSON VILLAGE,3803 HARLEM AVE,21229,Phone,CLOSED,10/21/2016 08:42:57 AM +0000,10/21/2016 08:42:57 AM +0000,10/21/2016 08:42:57 AM +0000,,,,"3803 HARLEM AVE
21229
(39.295136, -76.680361)"
1150557187,16-00756637,SW-Rat Rubout - Proactive,Bureau of Solid Waste,OLIVER,1219 E LANVALE ST,21202,Mass Entry,CLOSED,10/20/2016 12:00:00 AM +0000,10/20/2016 12:00:00 AM +0000,10/25/2016 12:00:00 AM +0000,Dispatch Investigator,Area Baited,10/20/16,"1219 E LANVALE ST
21202
(39.309302, -76.601556)"
1150572520,16-00757089,SW-Boarding,Bureau of Solid Waste,ALLENDALE,53 N MONASTERY AVE,21229,Interface,CLOSED,10/21/2016 09:54:50 AM +0000,10/27/2016 09:08:55 AM +0000,10/28/2016 09:54:50 AM +0000,Dispatch Work Crew,Completed Property Management,10/24/16,"53 N MONASTERY AVE
21229
(39.2875, -76.677084)"
1150561917,16-00756772,SW-Rat Rubout - Proactive,Bureau of Solid Waste,MIDTOWN-EDMONDSON,1130 N MONROE ST,21217,Mass Entry,CLOSED,10/17/2016 12:00:00 AM +0000,10/17/2016 12:00:00 AM +0000,10/22/2016 12:00:00 AM +0000,Dispatch Investigator,No Active Rodent Sign,10/17/16,"1130 N MONROE ST
21217
(39.301589, -76.647691)"
1150623479,16-00758651,HCD-Vacant Building,HCD-Department of Housing,PATTERSON PLACE,153 N PATTERSON PARK AVE,21231,Mobile Apps,CLOSED,10/21/2016 04:07:55 PM +0000,10/24/2016 04:27:52 PM +0000,11/05/2016 04:07:55 PM +0000,Dispatch Inspector,Condition Does Not Exist,10/24/16,"153 N PATTERSON PARK AVE
21231
(39.294183, -76.584821)"
1150567313,16-00756916,SW-Bulk-Scheduled,Bureau of Solid Waste,MOSHER,2731 RIGGS AVE,21216,Phone,CLOSED,10/21/2016 09:25:07 AM +0000,11/01/2016 04:23:42 PM +0000,03/10/2017 09:25:07 AM +0000,Pick Up Bulk Items,Abated - Close SR,11/1/16,"2731 RIGGS AVE
21216
(39.300361, -76.662669)"
1150577029,16-00757229,SW-Cleaning,Bureau of Solid Waste,COLDSTREAM HOMESTEAD MONTEBELLO,1753 HOMESTEAD ST,21218,Interface,CLOSED,10/21/2016 09:57:25 AM +0000,11/17/2016 03:43:54 PM +0000,11/20/2016 09:57:25 AM +0000,Dispatch Work Crew,Completed Property Management,11/16/16,"1753 HOMESTEAD ST
21218
(39.319814, -76.593861)"
1150575887,16-00757194,SW-Cleaning,Bureau of Solid Waste,JOHNSTON SQUARE,700 E CHASE ST,21202,Interface,CLOSED,10/21/2016 09:56:49 AM +0000,11/02/2016 09:15:21 AM +0000,11/20/2016 09:56:49 AM +0000,Dispatch Work Crew,Completed Property Management,10/28/16,"700 E CHASE ST
21202
(39.302723, -76.607394)"
1150680237,16-00760314,SW-Rat Rubout,Bureau of Solid Waste,BELAIR-EDISON,3116 MARECO AVE,21213,Phone,CLOSED,10/23/2016 01:12:23 PM +0000,10/24/2016 02:44:14 PM +0000,11/06/2016 01:12:23 PM +0000,Dispatch Investigator,Area Baited,10/24/16,"3116 MARECO AVE
21213
(39.320272, -76.573828)"
1150566187,16-00756884,HCD-Sanitation Property,HCD-Department of Housing,CHINQUAPIN PARK-BELVEDERE,909 REVERDY RD,21212,Phone,CLOSED,10/21/2016 09:18:18 AM +0000,10/24/2016 03:46:19 PM +0000,10/31/2016 09:18:18 AM +0000,,Send Message,10/24/16,"909 REVERDY RD
21212
(39.363106, -76.60173)"
1150598689,16-00757915,ECC-Vehicle Look Up,Mayors Office of Information Technology,CANTON INDUSTRIAL AREA,5501 HOLABIRD AVE,21224,Phone,CLOSED,10/21/2016 12:58:26 PM +0000,10/21/2016 12:58:26 PM +0000,10/21/2016 12:58:26 PM +0000,,,,"5501 HOLABIRD AVE
21224
(39.271989, -76.546729)"
1150575481,16-00757181,SW-HGW,Bureau of Solid Waste,LAKELAND,2631 HOLLINS FERRY RD,21230,Interface,CLOSED,10/21/2016 09:56:36 AM +0000,11/17/2016 04:07:25 PM +0000,11/20/2016 09:56:36 AM +0000,Dispatch Work Crew,Canceled Property Management,11/17/16,"2631 HOLLINS FERRY RD
21230
(39.25888, -76.643668)"
1150561113,16-00756751,SW-Rat Rubout - Proactive,Bureau of Solid Waste,MIDTOWN-EDMONDSON,1107 APPLETON ST,21217,Mass Entry,CLOSED,10/17/2016 12:00:00 AM +0000,10/17/2016 12:00:00 AM +0000,10/22/2016 12:00:00 AM +0000,Dispatch Investigator,No Active Rodent Sign,10/17/16,"1107 APPLETON ST
21217
(39.30133, -76.648535)"
1150776425,16-00763207,TRS-Abandoned Vehicle,Department of Transportation,MOUNT WASHINGTON,5723 UFFINGTON RD,21209,Mobile Apps,CLOSED,10/24/2016 04:45:36 PM +0000,10/27/2016 05:23:01 PM +0000,10/29/2016 04:45:36 PM +0000,Dispatch PCA,Refer to Towing,10/27/16,"5723 UFFINGTON RD
21209
(39.364788, -76.661978)"
1150553034,16-00756515,TRM-Footways Repair,Department of Transportation,FRANKFORD,5911 FURLEY WAY,21206,Phone,CLOSED,10/21/2016 07:41:30 AM +0000,10/24/2016 03:36:14 PM +0000,10/28/2016 07:41:30 AM +0000,Generate Work Order,Hazard made safe,10/24/16,"5911 FURLEY WAY
21206
(39.320954, -76.539533)"
1150576440,16-00757211,SW-HGW,Bureau of Solid Waste,NEW NORTHWOOD,5001 THE ALAMEDA,21239,Interface,CLOSED,10/21/2016 09:57:06 AM +0000,11/28/2016 09:38:44 AM +0000,11/20/2016 09:57:06 AM +0000,Dispatch Work Crew,Canceled Property Management,11/21/16,"5001 THE
ALAMEDA 21239
(39.347484, -76.599331)"
1150562799,16-00756797,,Department of Transportation,EDMONDSON VILLAGE,1012 WILDWOOD PKWY,21229,Phone,CLOSED,10/21/2016 09:11:23 AM +0000,12/07/2016 03:33:50 PM +0000,11/20/2016 09:11:23 AM +0000,,Denied,12/1/16,"1012 WILDWOOD PKWY
21229
(39.298903, -76.683925)"
1150622274,16-00758616,SW-Dirty Street - Proactive,Bureau of Solid Waste,PENN NORTH,1400 W NORTH AVE,21217,Mass Entry,CLOSED,10/21/2016 03:56:58 PM +0000,10/21/2016 03:56:58 PM +0000,10/28/2016 03:56:58 PM +0000,Dispatch Work Crew,Cleaned and removed debris (Close),10/21/16,"1400 W NORTH AVE
21217
(39.310131, -76.641246)"
1150582880,16-00757413,SW-Graffiti Removal Unscheduled,Bureau of Solid Waste,MID-TOWN BELVEDERE,6 W CHASE ST,21201,Mass Entry,CLOSED,10/20/2016 12:00:00 AM +0000,10/20/2016 12:00:00 AM +0000,10/20/2016 12:00:00 AM +0000,Dispatch Work Crew,Graffiti Cleaned and Removed,10/20/16,"6 W CHASE ST
21201
(39.302364, -76.616441)"
1150776797,16-00763220,PABC-Single Space Meter Complaints,Parking Authority of Baltimore City Inc.,HOLLINS MARKET,1033 W BALTIMORE ST,21223,Phone,CLOSED,10/24/2016 04:52:07 PM +0000,10/25/2016 04:26:48 PM +0000,10/29/2016 04:52:07 PM +0000,,,,"1033 W BALTIMORE ST
21223
(39.288663, -76.63487)"
1150563479,16-00756815,SW-Rat Rubout - Proactive,Bureau of Solid Waste,HARLEM PARK,1818 W LANVALE ST,21217,Mass Entry,CLOSED,10/17/2016 12:00:00 AM +0000,10/17/2016 12:00:00 AM +0000,10/22/2016 12:00:00 AM +0000,Dispatch Investigator,No Active Rodent Sign,10/17/16,"1818 W LANVALE ST
21217
(39.297521, -76.646599)"
1150619466,16-00758533,TRS-48 Hour Parking Complaint,Department of Transportation,FRANKFORD,5900 ARIZONA AVE,21206,Phone,CLOSED,10/21/2016 03:36:28 PM +0000,10/27/2016 09:18:17 AM +0000,10/26/2016 03:36:28 PM +0000,Dispatch PCA,Refer to Towing,10/27/16,"5900 ARIZONA AVE
21206
(39.335973, -76.534839)"
1150576129,16-00757201,SW-HGW,Bureau of Solid Waste,BREWERS HILL,3807 FAIT AVE,21224,Interface,CLOSED,10/21/2016 09:56:57 AM +0000,11/03/2016 09:27:29 AM +0000,11/20/2016 09:56:57 AM +0000,Dispatch Work Crew,Completed Property Management,11/1/16,"3807 FAIT AVE
21224
(39.283656, -76.564766)"
1150553497,16-00756531,HLTH-Animal-Stray Held,Health Department,IRVINGTON,202 S ATHOL AVE,21229,Phone,CLOSED,10/21/2016 07:52:17 AM +0000,10/21/2016 07:02:21 PM +0000,10/27/2016 07:52:17 AM +0000,Investigation,Resolved  Close SR,10/21/16,"202 S ATHOL AVE
21229
(39.282933, -76.688604)"
1150573241,16-00757112,SW-HGW,Bureau of Solid Waste,FOUR BY FOUR,3333 LYNDALE AVE,21213,Interface,CLOSED,10/21/2016 09:55:17 AM +0000,11/21/2016 10:05:06 AM +0000,11/20/2016 09:55:17 AM +0000,Dispatch Work Crew,Completed Property Management,11/18/16,"3333 LYNDALE AVE
21213
(39.316452, -76.576172)"
1150575778,16-00757190,SW-Cleaning,Bureau of Solid Waste,MONDAWMIN,2016 W NORTH AVE,21217,Interface,CLOSED,10/21/2016 09:56:45 AM +0000,11/17/2016 03:44:38 PM +0000,11/20/2016 09:56:45 AM +0000,Dispatch Work Crew,Completed Property Management,11/15/16,"2016 W NORTH AVE
21217
(39.309746, -76.65012)"
1151002469,16-00769891,TRS-Vehicle Relocation,Department of Transportation,DOWNTOWN,17 E BALTIMORE ST,21202,In House,CLOSED,10/27/2016 08:35:05 AM +0000,10/28/2016 07:31:29 AM +0000,10/28/2016 08:35:05 AM +0000,Dispatch City Tow Truck,Relocation Completed,10/28/16,"17 E BALTIMORE ST
21202
(39.289567, -76.614274)"
1150622820,16-00758634,HCD-Zoning Investigation,HCD-Department of Housing,SHARP-LEADENHALL,1017 RACE ST,21230,Internet,CLOSED,10/21/2016 04:03:39 PM +0000,10/25/2016 04:33:32 PM +0000,11/05/2016 04:03:39 PM +0000,Dispatch Inspector,Complaint Not a Violation,10/25/16,"1017 RACE ST
21230
(39.277172, -76.616173)"
1150577535,16-00757247,HCD-Fire Protection,HCD-Department of Housing,BALTIMORE-LINWOOD,18 N CLINTON ST,21224,Phone,CLOSED,10/21/2016 09:57:45 AM +0000,11/07/2016 07:59:29 AM +0000,11/05/2016 09:57:45 AM +0000,Dispatch Inspector,Completed,11/7/16,"18 N CLINTON ST
21224
(39.293182, -76.570939)"
1150587191,16-00757550,SW-Rat Rubout - Proactive,Bureau of Solid Waste,COLDSTREAM HOMESTEAD MONTEBELLO,1608 CHILTON ST,21218,Mass Entry,CLOSED,10/12/2016 12:00:00 AM +0000,10/12/2016 12:00:00 AM +0000,10/17/2016 12:00:00 AM +0000,Dispatch Investigator,Area Baited,10/12/16,"1608 CHILTON ST
21218
(39.327517, -76.593837)"
1150569740,16-00757000,SW-Mixed Refuse,Bureau of Solid Waste,CHARLES NORTH,2020 SAINT PAUL ST,21218,Phone,CLOSED,10/21/2016 09:41:00 AM +0000,10/21/2016 10:53:39 AM +0000,10/22/2016 09:41:00 AM +0000,Investigate Complaint,No Mixed Refuse-Front or Rear,10/21/16,"2020 SAINT PAUL ST
21218
(39.312848, -76.615071)"
1150576405,16-00757209,SW-HGW,Bureau of Solid Waste,RESERVOIR HILL,914 WHITELOCK ST,21217,Interface,CLOSED,10/21/2016 09:57:05 AM +0000,11/17/2016 04:07:17 PM +0000,11/20/2016 09:57:05 AM +0000,Dispatch Work Crew,Canceled Property Management,11/17/16,"914 WHITELOCK ST
21217
(39.314359, -76.633107)"
1151023418,16-00770437,SW-Rat Rubout - Proactive,Bureau of Solid Waste,PIMLICO GOOD NEIGHBORS,2704 W BELVEDERE AVE,21215,Mass Entry,CLOSED,10/26/2016 12:00:00 AM +0000,10/26/2016 12:00:00 AM +0000,10/31/2016 12:00:00 AM +0000,Dispatch Investigator,No Active Rodent Sign,10/26/16,"2704 W BELVEDERE AVE
21215
(39.352465, -76.669181)"
1150580742,16-00757332,TRS-Parking Complaints,Department of Transportation,ELLWOOD PARK/MONUMENT,205 N ELLWOOD AVE,21224,Phone,CLOSED,10/21/2016 10:10:08 AM +0000,10/21/2016 01:56:15 PM +0000,10/22/2016 10:10:08 AM +0000,Dispatch PCA,No Violation Found,10/21/16,"205 N ELLWOOD AVE
21224
(39.294907, -76.573494)"
1150560357,16-00756730,HCD-Sanitation Property,HCD-Department of Housing,HAMPDEN,3517 FALLS RD,21211,Mobile Apps,CLOSED,10/21/2016 09:04:08 AM +0000,10/25/2016 03:37:57 PM +0000,10/31/2016 09:04:08 AM +0000,,Send Message,10/25/16,"3517 FALLS RD
21211
(39.330101, -76.634666)"
1150557899,16-00756660,BGE-StLight(s) Out,Department of Transportation,OAKENSHAWE,306 E UNIVERSITY PKWY,21218,Phone,CLOSED,10/21/2016 08:44:58 AM +0000,10/21/2016 10:23:59 PM +0000,10/25/2016 08:44:58 AM +0000,,,,"306 E UNIVERSITY PKWY
21218
(39.329523, -76.612958)"
1150599215,16-00757937,HCD-Sanitation Property,HCD-Department of Housing,FELLS POINT,800 S BOND ST,21231,Phone,CLOSED,10/21/2016 01:03:40 PM +0000,10/25/2016 11:39:10 AM +0000,10/31/2016 01:03:40 PM +0000,,Send Message,10/25/16,"800 S BOND ST
21231
(39.282381, -76.595092)"
1150756631,16-00762684,SW-Rat Rubout - Proactive,Bureau of Solid Waste,BELAIR-EDISON,4014 DUDLEY AVE,21213,Mass Entry,CLOSED,10/24/2016 03:12:04 PM +0000,10/24/2016 03:12:04 PM +0000,10/29/2016 03:12:04 PM +0000,Dispatch Investigator,No Active Rodent Sign,10/24/16,"4014 DUDLEY AVE
21213
(39.316257, -76.560218)"
1150556841,16-00756629,HCD-Vacant Building,HCD-Department of Housing,ROSEMONT,3253 WESTMONT AVE,21216,Phone,CLOSED,10/21/2016 08:35:53 AM +0000,10/25/2016 03:42:03 PM +0000,11/05/2016 08:35:53 AM +0000,Dispatch Inspector,Work Order Outstanding Pending,10/25/16,"3253 WESTMONT AVE
21216
(39.301174, -76.671497)"
1150570091,16-00757014,SW-Graffiti Removal Unscheduled,Bureau of Solid Waste,COLDSTREAM HOMESTEAD MONTEBELLO,2719 LOCH RAVEN RD,21218,Mass Entry,CLOSED,10/20/2016 12:00:00 AM +0000,10/20/2016 12:00:00 AM +0000,10/20/2016 12:00:00 AM +0000,Dispatch Work Crew,Graffiti Cleaned and Removed,10/20/16,"2719 LOCH RAVEN RD
21218
(39.320918, -76.604218)"
1150566639,16-00756898,SW-Dirty Street,Bureau of Solid Waste,FRANKFORD,5200 SINCLAIR LN,21206,Phone,CLOSED,10/21/2016 09:21:34 AM +0000,11/02/2016 04:35:16 PM +0000,10/28/2016 09:21:34 AM +0000,Dispatch Work Crew,Cleaned and removed debris (Close),11/2/16,"5200 SINCLAIR LN
21206
(39.323032, -76.543379)"
1150585173,16-00757487,TRT-Sign Missing,Department of Transportation,DOLFIELD,3900 DOLFIELD AVE,21215,Phone,CLOSED,10/21/2016 10:46:04 AM +0000,11/03/2016 09:38:40 AM +0000,12/10/2016 10:46:04 AM +0000,,,,"3900 DOLFIELD AVE
21215
(39.339531, -76.681209)"
1150776606,16-00763213,HCD-Illegal Dumping,HCD-Department of Housing,WINCHESTER,1123 POPLAR GROVE ST,21216,Phone,CLOSED,10/24/2016 04:49:18 PM +0000,10/27/2016 11:28:23 AM +0000,10/29/2016 04:49:18 PM +0000,Dispatch Investigator,Insuff-Evidence,10/25/16,"1123 POPLAR GROVE ST
21216
(39.300817, -76.665288)"
1150577095,16-00757231,SW-HGW,Bureau of Solid Waste,UPTON,821 EDMONDSON AVE,21201,Interface,CLOSED,10/21/2016 09:57:27 AM +0000,11/17/2016 03:51:00 PM +0000,11/20/2016 09:57:27 AM +0000,Dispatch Work Crew,Completed Property Management,11/17/16,"821 EDMONDSON AVE
21201
(39.296121, -76.631681)"
1150586428,16-00757527,WW Sewer Water In Basement,Bureau of Water and Waste Water,FEDERAL HILL,1043 S HANOVER ST,21230,Phone,CLOSED,10/21/2016 10:55:45 AM +0000,10/25/2016 12:00:00 AM +0000,10/25/2016 10:55:45 AM +0000,WO - Clean House Connection,CLOSED,10/21/16,"1043 S HANOVER ST
21230
(39.276802, -76.61554)"
1150570915,16-00757044,SW-Rat Rubout - Proactive,Bureau of Solid Waste,MILTON-MONTFORD,2522 E MADISON ST,21205,Mass Entry,CLOSED,10/20/2016 12:00:00 AM +0000,10/20/2016 12:00:00 AM +0000,10/25/2016 12:00:00 AM +0000,Dispatch Investigator,No Active Rodent Sign,10/20/16,"2522 E MADISON ST
21205
(39.299941, -76.581262)"
1150556547,16-00756620,SW-Graffiti Removal,Bureau of Solid Waste,HAMPDEN,3539 FALLS RD,21211,Mobile Apps,CLOSED,10/21/2016 08:32:10 AM +0000,10/24/2016 03:35:03 PM +0000,10/24/2016 08:32:10 AM +0000,Dispatch Work Crew,Graffiti Cleaned and Removed,10/24/16,"3539 FALLS RD
21211
(39.33074, -76.634846)"
1150622221,16-00758614,SW-Dirty Alley,Bureau of Solid Waste,BALTIMORE HIGHLANDS,27 S HIGHLAND AVE,21224,Phone,CLOSED,10/21/2016 03:56:47 PM +0000,10/31/2016 03:31:32 PM +0000,10/28/2016 03:56:47 PM +0000,Dispatch Work Crew,Cleaned and removed debris (Close),10/31/16,"27 S HIGHLAND AVE
21224
(39.291774, -76.569367)"
1150836995,16-00765060,HCD-Abandoned Vehicle,HCD-Department of Housing,GREENMOUNT WEST,1729 GUILFORD AVE,21202,Phone,CLOSED,10/25/2016 11:06:55 AM +0000,11/03/2016 02:11:12 PM +0000,11/11/2016 11:06:55 AM +0000,Dispatch Inspector,Invalid Address,11/3/16,"1729 GUILFORD AVE
21202
(39.309681, -76.612329)"
1150619580,16-00758535,TRS-48 Hour Parking Complaint,Department of Transportation,CEDONIA,5901 ARIZONA AVE,21206,Phone,CLOSED,10/21/2016 03:37:38 PM +0000,10/28/2016 11:36:11 AM +0000,10/26/2016 03:37:38 PM +0000,Dispatch PCA,Gone On Arrival (Closed),10/28/16,"5901 ARIZONA AVE
21206
(39.33606, -76.534598)"
1150565131,16-00756858,SW-Rat Rubout - Proactive,Bureau of Solid Waste,HARLEM PARK,1826 RAYNER AVE,21217,Mass Entry,CLOSED,10/17/2016 12:00:00 AM +0000,10/17/2016 12:00:00 AM +0000,10/22/2016 12:00:00 AM +0000,Dispatch Investigator,No Active Rodent Sign,10/17/16,"1826 RAYNER AVE
21217
(39.296911, -76.647037)"
1150564967,16-00756854,SW-Rat Rubout - Proactive,Bureau of Solid Waste,HARLEM PARK,1820 RAYNER AVE,21217,Mass Entry,CLOSED,10/17/2016 12:00:00 AM +0000,10/17/2016 12:00:00 AM +0000,10/22/2016 12:00:00 AM +0000,Dispatch Investigator,No Active Rodent Sign,10/17/16,"1820 RAYNER AVE
21217
(39.296917, -76.646899)"
1150587301,16-00757553,SW-Rat Rubout - Proactive,Bureau of Solid Waste,COLDSTREAM HOMESTEAD MONTEBELLO,1604 CHILTON ST,21218,Mass Entry,CLOSED,10/12/2016 12:00:00 AM +0000,10/12/2016 12:00:00 AM +0000,10/17/2016 12:00:00 AM +0000,Dispatch Investigator,Area Baited,10/12/16,"1604 CHILTON ST
21218
(39.327515, -76.593962)"
1150586212,16-00757520,SW-Bulk-White Goods,Bureau of Solid Waste,WESTFIELD,3201 WESTFIELD AVE,21214,Phone,CLOSED,10/21/2016 10:53:34 AM +0000,10/25/2016 03:39:40 PM +0000,10/24/2016 10:53:34 AM +0000,Picked up White Good Items,Unable to collect- not able to contact participant,10/25/16,"3201 WESTFIELD AVE
21214
(39.358497, -76.550284)"
1150572791,16-00757098,SW-HGW,Bureau of Solid Waste,MOUNT WINANS,2635 PUGET ST,21230,Interface,CLOSED,10/21/2016 09:54:59 AM +0000,11/17/2016 03:45:48 PM +0000,11/20/2016 09:54:59 AM +0000,Dispatch Work Crew,Completed Property Management,11/17/16,"2635 PUGET ST
21230
(39.260246, -76.644693)"
1150619428,16-00758532,SW-Bulk-White Goods,Bureau of Solid Waste,LEVINDALE,5106 LEVINDALE RD,21215,Internet,CLOSED,10/21/2016 03:36:14 PM +0000,10/25/2016 03:55:38 PM +0000,10/24/2016 03:36:14 PM +0000,Picked up White Good Items,Unable to collect- not able to contact participant,10/25/16,"5106 LEVINDALE RD
21215
(39.351812, -76.66615)"
1150555163,16-00756583,HCD-Sanitation Property,HCD-Department of Housing,HOWARD PARK,3601 WOODBINE AVE,21207,Phone,CLOSED,10/21/2016 08:15:42 AM +0000,10/31/2016 03:01:25 PM +0000,10/31/2016 08:15:42 AM +0000,,Send Message,10/31/16,"3601 WOODBINE AVE
21207
(39.332359, -76.696813)"
1150562247,16-00756782,SW-Rat Rubout - Proactive,Bureau of Solid Waste,MIDTOWN-EDMONDSON,1140 N MONROE ST,21217,Mass Entry,CLOSED,10/17/2016 12:00:00 AM +0000,10/17/2016 12:00:00 AM +0000,10/22/2016 12:00:00 AM +0000,Dispatch Investigator,No Active Rodent Sign,10/17/16,"1140 N MONROE ST
21217
(39.301783, -76.647699)"
1150587143,16-00757549,SW-Rat Rubout - Proactive,Bureau of Solid Waste,COLDSTREAM HOMESTEAD MONTEBELLO,1636 CHILTON ST,21218,Mass Entry,CLOSED,10/12/2016 12:00:00 AM +0000,10/12/2016 12:00:00 AM +0000,10/17/2016 12:00:00 AM +0000,Dispatch Investigator,Area Baited,10/12/16,"1636 CHILTON ST
21218
(39.327518, -76.592753)"
1150581687,16-00757369,SW-Graffiti Removal Unscheduled,Bureau of Solid Waste,ABELL,3102 GREENMOUNT AVE,21218,Mass Entry,CLOSED,10/20/2016 12:00:00 AM +0000,10/20/2016 12:00:00 AM +0000,10/20/2016 12:00:00 AM +0000,Dispatch Work Crew,Graffiti Cleaned and Removed,10/20/16,"3102 GREENMOUNT AVE
21218
(39.326059, -76.609406)"
1150574531,16-00757152,SW-HGW,Bureau of Solid Waste,ALLENDALE,3931 EDMONDSON AVE,21229,Interface,CLOSED,10/21/2016 09:56:04 AM +0000,11/17/2016 03:49:41 PM +0000,11/20/2016 09:56:04 AM +0000,Dispatch Work Crew,Completed Property Management,11/16/16,"3931 EDMONDSON AVE
21229
(39.293705, -76.682127)"
1150553542,16-00756533,HCD-Sanitation Property,HCD-Department of Housing,UNION SQUARE,13 S CALHOUN ST,21223,Mobile Apps,CLOSED,10/21/2016 07:53:57 AM +0000,11/02/2016 09:30:27 AM +0000,10/31/2016 07:53:57 AM +0000,,Send Message,11/2/16,"13 S CALHOUN ST
21223
(39.287887, -76.639522)"
1150623440,16-00758650,SW-Bulk-Scheduled,Bureau of Solid Waste,GLEN,5718 GIST AVE,21215,Phone,CLOSED,10/21/2016 04:07:52 PM +0000,10/28/2016 03:55:12 PM +0000,03/10/2017 04:07:52 PM +0000,Pick Up Bulk Items,Abated - Close SR,10/28/16,"5718 GIST AVE
21215
(39.352419, -76.690333)"
1150573401,16-00757117,SW-HGW,Bureau of Solid Waste,DRUID HEIGHTS,2121 MCCULLOH ST,21217,Interface,CLOSED,10/21/2016 09:55:22 AM +0000,11/28/2016 09:39:19 AM +0000,11/20/2016 09:55:22 AM +0000,Dispatch Work Crew,Canceled Property Management,11/18/16,"2121 MCCULLOH ST
21217
(39.30899, -76.63579)"
1150573042,16-00757106,SW-Cleaning,Bureau of Solid Waste,WALBROOK,2797 W NORTH AVE,21216,Interface,CLOSED,10/21/2016 09:55:08 AM +0000,11/21/2016 10:04:49 AM +0000,11/20/2016 09:55:08 AM +0000,Dispatch Work Crew,Completed Property Management,11/18/16,"2797 W NORTH AVE
21216
(39.309158, -76.66383)"
1150568318,16-00756951,SW-Recycling,Bureau of Solid Waste,LITTLE ITALY,812 STILES ST,21202,Phone,CLOSED,10/21/2016 09:34:05 AM +0000,10/21/2016 02:34:59 PM +0000,10/22/2016 09:34:05 AM +0000,Dispatch Work Crew,EARLY CALL-Left door hanger,10/21/16,"812 STILES ST
21202
(39.28664, -76.602909)"
1150561982,16-00756774,SW-Rat Rubout - Proactive,Bureau of Solid Waste,MIDTOWN-EDMONDSON,1132 N MONROE ST,21217,Mass Entry,CLOSED,10/17/2016 12:00:00 AM +0000,10/17/2016 12:00:00 AM +0000,10/22/2016 12:00:00 AM +0000,Dispatch Investigator,No Active Rodent Sign,10/17/16,"1132 N MONROE ST
21217
(39.30163, -76.647693)"
1150578588,16-00757280,SW-HGW,Bureau of Solid Waste,CARROLLTON RIDGE,1915 WILHELM ST,21223,Interface,CLOSED,10/21/2016 09:58:27 AM +0000,11/15/2016 09:34:11 AM +0000,11/20/2016 09:58:27 AM +0000,Dispatch Work Crew,Completed Property Management,11/14/16,"1915 WILHELM ST
21223
(39.283611, -76.647416)"
1150553638,16-00756536,TRS-Parking Complaints,Department of Transportation,MOUNT VERNON,7 E CENTRE ST,21202,Phone,CLOSED,10/21/2016 07:54:24 AM +0000,10/21/2016 11:53:47 AM +0000,10/22/2016 07:54:24 AM +0000,Dispatch PCA,No Violation Found,10/21/16,"7 E CENTRE ST
21202
(39.296392, -76.614918)"
1150576060,16-00757199,SW-HGW,Bureau of Solid Waste,CENTRAL PARK HEIGHTS,3103 OAKLEY AVE,21215,Interface,CLOSED,10/21/2016 09:56:55 AM +0000,11/17/2016 04:07:50 PM +0000,11/20/2016 09:56:55 AM +0000,Dispatch Work Crew,Canceled Property Management,11/17/16,"3103 OAKLEY AVE
21215
(39.347074, -76.671675)"
1150584025,16-00757452,SW-Dirty Alley,Bureau of Solid Waste,WASHINGTON VILLAGE,1200 GLYNDON AVE,21223,Phone,CLOSED,10/21/2016 10:38:08 AM +0000,10/31/2016 04:09:55 PM +0000,10/28/2016 10:38:08 AM +0000,Dispatch Work Crew,Cleaned and removed debris (Close),10/31/16,"1200 GLYNDON AVE
21223
(39.282717, -76.635553)"
1150562499,16-00756788,SW-Rat Rubout - Proactive,Bureau of Solid Waste,SANDTOWN-WINCHESTER,1826 MOSHER ST,21217,Mass Entry,CLOSED,10/17/2016 12:00:00 AM +0000,10/17/2016 12:00:00 AM +0000,10/22/2016 12:00:00 AM +0000,Dispatch Investigator,No Active Rodent Sign,10/17/16,"1826 MOSHER ST
21217
(39.299775, -76.64726)"
1150576258,16-00757205,SW-Cleaning,Bureau of Solid Waste,RESERVOIR HILL,916 WHITELOCK ST,21217,Interface,CLOSED,10/21/2016 09:57:01 AM +0000,11/17/2016 04:07:16 PM +0000,11/20/2016 09:57:01 AM +0000,Dispatch Work Crew,Canceled Property Management,11/16/16,"916 WHITELOCK ST
21217
(39.314358, -76.633159)"
1150598061,16-00757890,SW-Leaf Collection Scheduling,Bureau of Solid Waste,LAURAVILLE,2615 AILSA AVE,21214,Phone,CLOSED,10/21/2016 12:50:42 PM +0000,10/24/2016 11:34:53 AM +0000,02/28/2017 12:50:42 PM +0000,Collected bags,Collected 15 or less bags of leaves,10/24/16,"2615 AILSA AVE
21214
(39.3493, -76.570328)"
1150554995,16-00756576,ECC-Vehicle Look Up,Mayors Office of Information Technology,BROOKLYN,3742 SAINT MARGARET ST,21225,Phone,CLOSED,10/21/2016 08:12:54 AM +0000,10/21/2016 08:12:54 AM +0000,10/21/2016 08:12:54 AM +0000,,,,"3742 SAINT MARGARET ST
21225
(39.232258, -76.595855)"
1150580860,16-00757336,SW-Municipal Trash Can Stolen/Lost,Bureau of Solid Waste,BEECHFIELD,4716 VANCOUVER RD,21229,Phone,CLOSED,10/21/2016 10:11:13 AM +0000,11/10/2016 01:10:42 PM +0000,11/20/2016 10:11:13 AM +0000,Acknowledged Concern,Completed,11/10/16,"4716 VANCOUVER RD
21229
(39.273718, -76.695708)"
1150624411,16-00758680,TRS-Parking Complaints,Department of Transportation,HAMPDEN,3105 CRITTENTON PL,21211,Phone,CLOSED,10/21/2016 04:15:41 PM +0000,10/21/2016 07:41:27 PM +0000,10/22/2016 04:15:41 PM +0000,Dispatch PCA,Gone On Arrival,10/21/16,"3105 CRITTENTON PL
21211
(39.325347, -76.62994)"
1150598653,16-00757913,TR-Survey/Escalation,Department of Transportation,WOODRING,3404 ORLANDO AVE,21234,Phone,CLOSED,10/21/2016 12:57:18 PM +0000,10/25/2016 03:16:25 PM +0000,10/23/2016 12:57:18 PM +0000,Agency Response,Abated - Close SR,10/25/16,"3404 ORLANDO AVE
21234
(39.363495, -76.539121)"
1150618287,16-00758505,HCD-Illegal Dumping,HCD-Department of Housing,FALLSTAFF,3631 GLENGYLE AVE,21215,Phone,CLOSED,10/21/2016 03:27:22 PM +0000,10/25/2016 12:27:48 PM +0000,10/26/2016 03:27:22 PM +0000,Dispatch Investigator,Unfounded,10/24/16,"3631 GLENGYLE AVE
21215
(39.367081, -76.706046)"
1150556118,16-00756609,SW-Mixed Refuse,Bureau of Solid Waste,EDMONDSON VILLAGE,613 N GRANTLEY ST,21229,Phone,CLOSED,10/21/2016 08:28:08 AM +0000,10/21/2016 10:47:28 AM +0000,10/22/2016 08:28:08 AM +0000,Investigate Complaint,CREW ERROR,10/21/16,"613 N GRANTLEY ST
21229
(39.294748, -76.67726)"
1150584212,16-00757458,SW-Rat Rubout - Proactive,Bureau of Solid Waste,JOHNSTON SQUARE,1300 VALLEY ST,21202,Mass Entry,CLOSED,10/20/2016 12:00:00 AM +0000,10/20/2016 12:00:00 AM +0000,10/25/2016 12:00:00 AM +0000,Dispatch Investigator,No Active Rodent Sign,10/20/16,"1300 VALLEY ST
21202
(39.305503, -76.605141)"
1150563974,16-00756829,SW-Rat Rubout - Proactive,Bureau of Solid Waste,HARLEM PARK,1819 RAYNER AVE,21217,Mass Entry,CLOSED,10/17/2016 12:00:00 AM +0000,10/17/2016 12:00:00 AM +0000,10/22/2016 12:00:00 AM +0000,Dispatch Investigator,No Active Rodent Sign,10/17/16,"1819 RAYNER AVE
21217
(39.296923, -76.646741)"
1150622213,16-00758613,SW-Dirty Street - Proactive,Bureau of Solid Waste,RESERVOIR HILL,1200 W NORTH AVE,21217,Mass Entry,CLOSED,10/21/2016 03:56:40 PM +0000,10/21/2016 03:56:40 PM +0000,10/28/2016 03:56:40 PM +0000,Dispatch Work Crew,Cleaned and removed debris (Close),10/21/16,"1200 W NORTH AVE
21217
(39.310289, -76.637262)"
1150563081,16-00756805,SW-Rat Rubout - Proactive,Bureau of Solid Waste,SANDTOWN-WINCHESTER,1834 W LAFAYETTE AVE,21217,Mass Entry,CLOSED,10/17/2016 12:00:00 AM +0000,10/17/2016 12:00:00 AM +0000,10/22/2016 12:00:00 AM +0000,Dispatch Investigator,No Active Rodent Sign,10/17/16,"1834 W LAFAYETTE AVE
21217
(39.298759, -76.646966)"
1150560053,16-00756722,SW-Rat Rubout - Proactive,Bureau of Solid Waste,SANDTOWN-WINCHESTER,1819 PRESSTMAN ST,21217,Mass Entry,CLOSED,10/17/2016 12:00:00 AM +0000,10/17/2016 12:00:00 AM +0000,10/22/2016 12:00:00 AM +0000,Dispatch Investigator,No Active Rodent Sign,10/17/16,"1819 PRESSTMAN ST
21217
(39.305247, -76.647099)"
1150585443,16-00757495,SW-Rat Rubout - Proactive,Bureau of Solid Waste,OLIVER,1000 E HOFFMAN ST,21202,Mass Entry,CLOSED,10/20/2016 12:00:00 AM +0000,10/20/2016 12:00:00 AM +0000,10/25/2016 12:00:00 AM +0000,Dispatch Investigator,No Active Rodent Sign,10/20/16,"1000 E HOFFMAN ST
21202
(39.30606, -76.603655)"
1150570650,16-00757035,SW-Dirty Street - Proactive,Bureau of Solid Waste,ARLINGTON,3700 W BELVEDERE AVE,21215,In House,CLOSED,10/21/2016 09:45:31 AM +0000,10/31/2016 04:04:32 PM +0000,10/28/2016 09:45:31 AM +0000,Dispatch Work Crew,Cleaned and removed debris (Close),10/31/16,"3700 W BELVEDERE AVE
21215
(39.346189, -76.680391)"
1150561304,16-00756757,SW-Rat Rubout - Proactive,Bureau of Solid Waste,MIDTOWN-EDMONDSON,1113 APPLETON ST,21217,Mass Entry,CLOSED,10/17/2016 12:00:00 AM +0000,10/17/2016 12:00:00 AM +0000,10/22/2016 12:00:00 AM +0000,Dispatch Investigator,No Active Rodent Sign,10/17/16,"1113 APPLETON ST
21217
(39.301446, -76.648543)"
1150561303,16-00756756,TRS-Parking Complaints,Department of Transportation,MCELDERRY PARK,600 N GLOVER ST,21205,Phone,CLOSED,10/21/2016 09:06:22 AM +0000,10/21/2016 12:25:39 PM +0000,10/22/2016 09:06:22 AM +0000,Dispatch PCA,No Violation Found,10/21/16,"600 N GLOVER ST
21205
(39.298171, -76.580116)"
1150581026,16-00757341,GS-Right-Of-Way-Permit,Department of Transportation,MID-TOWN BELVEDERE,30 W BIDDLE ST,21201,Internet,NEW,10/21/2016 10:12:12 AM +0000,10/21/2016 10:12:12 AM +0000,11/05/2016 10:12:12 AM +0000,,,,"30 W BIDDLE ST
21201
(39.303396, -76.6171)"
1150574111,16-00757139,SW-HGW,Bureau of Solid Waste,FRANKFORD,5516 GERLAND AVE,21206,Interface,CLOSED,10/21/2016 09:55:52 AM +0000,11/17/2016 03:50:15 PM +0000,11/20/2016 09:55:52 AM +0000,Dispatch Work Crew,Completed Property Management,11/17/16,"5516 GERLAND AVE
21206
(39.334213, -76.542057)"
1150581146,16-00757346,ECC-Vehicle Look Up,Mayors Office of Information Technology,FRANKLINTOWN ROAD,928 POPLAR GROVE ST,21216,Phone,CLOSED,10/21/2016 10:13:41 AM +0000,10/21/2016 10:13:41 AM +0000,10/21/2016 10:13:41 AM +0000,,,,"928 POPLAR GROVE ST
21216
(39.298832, -76.665157)"
1150562173,16-00756780,TRS-Parking Complaints,Department of Transportation,GLENHAM-BELFORD,5623 WALTHER AVE,21206,Phone,CLOSED,10/21/2016 09:08:36 AM +0000,10/21/2016 12:53:32 PM +0000,10/22/2016 09:08:36 AM +0000,Dispatch PCA,No Violation Found,10/21/16,"5623 WALTHER AVE
21206
(39.348021, -76.550198)"
1150570955,16-00757045,WW Water Leak (Exterior),Bureau of Water and Waste Water,CENTRAL PARK HEIGHTS,3303 SPAULDING AVE,21215,Phone,CLOSED,10/21/2016 09:46:52 AM +0000,10/21/2016 09:46:52 AM +0000,10/23/2016 09:46:52 AM +0000,Cityworks SR Comments,UPDATED,10/21/16,"3303 SPAULDING AVE
21215
(39.347361, -76.676306)"
1150622134,16-00758609,SW-Dirty Street - Proactive,Bureau of Solid Waste,RESERVOIR HILL,900 W NORTH AVE,21217,Mass Entry,CLOSED,10/21/2016 03:56:17 PM +0000,10/21/2016 03:56:17 PM +0000,10/28/2016 03:56:17 PM +0000,Dispatch Work Crew,Cleaned and removed debris (Close),10/21/16,"900 W NORTH AVE
21217
(39.310518, -76.633011)"
1150618156,16-00758501,TRM-Pickup Potholes,Department of Transportation,BETTER WAVERLY,3200 ELLERSLIE AVE,21218,Mass Entry,CLOSED,10/21/2016 03:26:23 PM +0000,10/21/2016 03:26:23 PM +0000,10/21/2016 03:26:23 PM +0000,Repair Pothole,Repair Completed,10/21/16,"3200 ELLERSLIE AVE
21218
(39.326873, -76.603925)"
1150580284,16-00757317,SW-Municipal Trash Can Concern,Bureau of Solid Waste,UPPER FELLS POINT,109 S WOLFE ST,21231,Phone,CLOSED,10/21/2016 10:07:06 AM +0000,11/02/2016 12:08:28 PM +0000,11/20/2016 10:07:06 AM +0000,Acknowledged Concern,Completed,11/2/16,"109 S WOLFE ST
21231
(39.2901, -76.590354)"
1150584052,16-00757453,SW-Rat Rubout - Proactive,Bureau of Solid Waste,JOHNSTON SQUARE,1301 HILLMAN-VALLEY,21202,Mass Entry,CLOSED,10/20/2016 12:00:00 AM +0000,10/20/2016 12:00:00 AM +0000,10/25/2016 12:00:00 AM +0000,Dispatch Investigator,No Active Rodent Sign,10/20/16,"1301 HILLMAN VALLEY
21202
(39.305266, -76.605879)"
1150570113,16-00757015,SW-Dirty Street - Proactive,Bureau of Solid Waste,ARLINGTON,3600 HAYWARD AVE,21215,In House,CLOSED,10/21/2016 09:43:19 AM +0000,10/31/2016 04:04:32 PM +0000,10/28/2016 09:43:19 AM +0000,Dispatch Work Crew,Cleaned and removed debris (Close),10/31/16,"3600 HAYWARD AVE
21215
(39.348066, -76.681666)"
1150940567,16-00768074,SW-Dirty Alley,Bureau of Solid Waste,HARLEM PARK,805 N CALHOUN ST,21217,Phone,CLOSED,10/26/2016 11:02:27 AM +0000,11/03/2016 04:50:13 PM +0000,11/02/2016 11:02:27 AM +0000,Dispatch Work Crew,Cleaned and removed debris (Close),11/3/16,"805 N CALHOUN ST
21217
(39.298208, -76.640065)"
1150623674,16-00758658,SW-Dirty Street - Proactive,Bureau of Solid Waste,SANDTOWN-WINCHESTER,1524 MCKEAN AVE,21217,Mass Entry,CLOSED,10/21/2016 04:09:21 PM +0000,10/21/2016 04:09:21 PM +0000,10/28/2016 04:09:21 PM +0000,Dispatch Work Crew,Cleaned and removed debris (Close),10/21/16,"1524 MCKEAN AVE
21217
(39.305733, -76.647085)"
1150621956,16-00758606,SW-Dirty Alley,Bureau of Solid Waste,BALTIMORE HIGHLANDS,9 S HIGHLAND AVE,21224,Phone,CLOSED,10/21/2016 03:54:42 PM +0000,10/31/2016 03:30:39 PM +0000,10/28/2016 03:54:42 PM +0000,Dispatch Work Crew,Cleaned and removed debris (Close),10/31/16,"9 S HIGHLAND AVE
21224
(39.292255, -76.569404)"
1150562815,16-00756798,SW-Rat Rubout - Proactive,Bureau of Solid Waste,HARLEM PARK,1827 W LANVALE ST,21217,Mass Entry,CLOSED,10/17/2016 12:00:00 AM +0000,10/17/2016 12:00:00 AM +0000,10/22/2016 12:00:00 AM +0000,Dispatch Investigator,No Active Rodent Sign,10/17/16,"1827 W LANVALE ST
21217
(39.297508, -76.64699)"
1150622282,16-00758617,SW-Dirty Street - Proactive,Bureau of Solid Waste,PENN NORTH,1500 W NORTH AVE,21217,Mass Entry,CLOSED,10/21/2016 03:57:06 PM +0000,10/21/2016 03:57:06 PM +0000,10/28/2016 03:57:06 PM +0000,Dispatch Work Crew,Cleaned and removed debris (Close),10/21/16,"1500 W NORTH AVE
21217
(39.310114, -76.641541)"
1150560275,16-00756728,SW-Rat Rubout - Proactive,Bureau of Solid Waste,MIDTOWN-EDMONDSON,1024 APPLETON ST,21217,Mass Entry,CLOSED,10/17/2016 12:00:00 AM +0000,10/17/2016 12:00:00 AM +0000,10/22/2016 12:00:00 AM +0000,Dispatch Investigator,No Active Rodent Sign,10/17/16,"1024 APPLETON ST
21217
(39.300584, -76.648485)"
1151003432,16-00769923,WW Water No Water,Bureau of Water and Waste Water,CHARLES VILLAGE,2710 N CALVERT ST,21218,Phone,CLOSED,10/27/2016 08:43:53 AM +0000,10/27/2016 08:43:53 AM +0000,10/28/2016 08:43:53 AM +0000,Cityworks SR Comments,UPDATED,10/27/16,"2710 N CALVERT ST
21218
(39.321096, -76.614431)"
1150570018,16-00757011,SW-Dirty Street - Proactive,Bureau of Solid Waste,LANGSTON HUGHES,5100 ARBUTUS AVE,21215,In House,CLOSED,10/21/2016 09:42:33 AM +0000,10/31/2016 03:45:26 PM +0000,10/28/2016 09:42:33 AM +0000,Dispatch Work Crew,Cleaned and removed debris (Close),10/31/16,"5100 ARBUTUS AVE
21215
(39.343289, -76.681257)"
1150576293,16-00757206,SW-Cleaning,Bureau of Solid Waste,MADISON-EASTEND,2620 ASHLAND AVE,21205,Interface,CLOSED,10/21/2016 09:57:02 AM +0000,11/02/2016 09:17:11 AM +0000,11/20/2016 09:57:02 AM +0000,Dispatch Work Crew,Canceled Property Management,10/31/16,"2620 ASHLAND AVE
21205
(39.301038, -76.580374)"
1150567877,16-00756934,SW-Dirty Street,Bureau of Solid Waste,GWYNNS FALLS,3023 FREDERICK AVE,21223,Mobile Apps,DUPCLOSD,10/21/2016 09:30:17 AM +0000,10/25/2016 03:50:11 PM +0000,10/28/2016 09:30:17 AM +0000,,,,"3023 FREDERICK AVE
21223
(39.28017, -76.667318)"
1150573706,16-00757126,SW-HGW,Bureau of Solid Waste,POPPLETON,1085 W FAYETTE ST,21223,Interface,CLOSED,10/21/2016 09:55:36 AM +0000,11/21/2016 10:03:54 AM +0000,11/20/2016 09:55:36 AM +0000,Dispatch Work Crew,Completed Property Management,11/18/16,"1085 W FAYETTE ST
21223
(39.289816, -76.636291)"
1150567225,16-00756913,SW-Dirty Alley,Bureau of Solid Waste,EAST BALTIMORE MIDWAY,1200 BONAPARTE AVE,21218,Phone,CLOSED,10/21/2016 09:24:40 AM +0000,10/27/2016 02:54:49 PM +0000,10/28/2016 09:24:40 AM +0000,Dispatch Work Crew,Cleaned and removed debris (Close),10/27/16,"1200 BONAPARTE AVE
21218
(39.31535, -76.599933)"
1150562096,16-00756778,SW-Dirty Alley,Bureau of Solid Waste,COLDSTREAM HOMESTEAD MONTEBELLO,1732 CARSWELL ST,21218,Phone,CLOSED,10/21/2016 09:08:19 AM +0000,10/27/2016 02:54:10 PM +0000,10/28/2016 09:08:19 AM +0000,Dispatch Investigator,Insuff-Evidence,10/18/16,"1732 CARSWELL ST
21218
(39.321043, -76.592959)"
1151002695,16-00769899,SW-Rat Rubout - Proactive,Bureau of Solid Waste,WAVERLY,719 E 34TH ST,21218,Mass Entry,CLOSED,10/26/2016 12:00:00 AM +0000,10/26/2016 12:00:00 AM +0000,10/31/2016 12:00:00 AM +0000,Dispatch Investigator,Area Baited,10/26/16,"719 E 34TH ST
21218
(39.329866, -76.605359)"
1150581935,16-00757379,ECC-Vehicle Look Up,Mayors Office of Information Technology,FRANKFORD,5615 SINCLAIR LN,21206,Phone,CLOSED,10/21/2016 10:22:21 AM +0000,10/21/2016 10:22:21 AM +0000,10/21/2016 10:22:21 AM +0000,,,,"5615 SINCLAIR LN
21206
(39.326688, -76.534715)"
1150578557,16-00757279,SW-HGW,Bureau of Solid Waste,WALBROOK,1908 BRADDISH AVE,21216,Interface,CLOSED,10/21/2016 09:58:26 AM +0000,11/17/2016 03:44:30 PM +0000,11/20/2016 09:58:26 AM +0000,Dispatch Work Crew,Completed Property Management,11/16/16,"1908 BRADDISH AVE
21216
(39.310011, -76.661205)"
1150585139,16-00757486,SW-Municipal Trash Can Concern,Bureau of Solid Waste,CANTON,812 S KENWOOD AVE,21224,Phone,CLOSED,10/21/2016 10:45:43 AM +0000,11/10/2016 11:50:49 AM +0000,11/20/2016 10:45:43 AM +0000,Acknowledged Concern,Completed,11/10/16,"812 S KENWOOD AVE
21224
(39.282851, -76.577001)"
1150583489,16-00757436,FCCS-Refunds,Finance-Revenue Collections,DOWNTOWN,200 HOLLIDAY ST,21202,Phone,CLOSED,10/21/2016 10:33:24 AM +0000,11/03/2016 09:00:59 AM +0000,12/20/2016 10:33:24 AM +0000,Action Taken,Issued refund check,11/3/16,"200 HOLLIDAY ST
21202
(39.291805, -76.61033)"
1150776353,16-00763204,FIR-Fire Code Inspection Request,Fire Department,CEDMONT,6333 BELAIR RD,21206,Phone,NEW,10/24/2016 04:45:03 PM +0000,10/24/2016 04:45:03 PM +0000,10/31/2016 04:45:03 PM +0000,,,,"6333 BELAIR RD
21206
(39.352058, -76.53375)"
1150566387,16-00756891,FCCS-Refunds,Finance-Revenue Collections,LITTLE ITALY,308 ALBEMARLE ST,21202,Mail,CLOSED,10/21/2016 09:19:25 AM +0000,10/27/2016 08:15:23 AM +0000,12/20/2016 09:19:25 AM +0000,Action Taken,Issued refund check,10/24/16,"308 ALBEMARLE ST
21202
(39.286012, -76.602221)"
1145093985,16-00595913,TRT-Traffic Signal Repairs,Department of Transportation,EDMONDSON VILLAGE, ALLENDALE ST & EDMONDSON AVE,21229,Phone,CLOSED,08/13/2016 08:00:20 AM +0000,08/13/2016 09:33:04 AM +0000,08/14/2016 08:00:20 AM +0000,Dispatch Technician,Dispatched,8/13/16,"ALLENDALE ST
21229
"
1145094177,16-00595919,TRT-Sign Missing,Department of Transportation,HARFORD-ECHODALE/PERRING PARKWAY, HAMILTON AVE & HAMPNETT AVE,21214,Phone,CLOSED,08/13/2016 08:07:12 AM +0000,08/24/2016 03:24:34 PM +0000,10/02/2016 08:07:12 AM +0000,,,,"HAMILTON AVE
21214
"
1150756785,16-00762687,SW-Rat Rubout - Proactive,Bureau of Solid Waste,BELAIR-EDISON,4018 DUDLEY AVE,21213,Mass Entry,CLOSED,10/24/2016 03:12:15 PM +0000,10/24/2016 03:12:15 PM +0000,10/29/2016 03:12:15 PM +0000,Dispatch Investigator,No Active Rodent Sign,10/24/16,"4018 DUDLEY AVE
21213
(39.316185, -76.560151)"
1150564602,16-00756846,SW-Rat Rubout,Bureau of Solid Waste,MONDAWMIN,2028 N PULASKI ST,21217,Internet,CLOSED,10/21/2016 09:14:56 AM +0000,10/24/2016 02:59:22 PM +0000,11/04/2016 09:14:56 AM +0000,Dispatch Investigator,No Active Rodent Sign,10/24/16,"2028 N PULASKI ST
21217
(39.311719, -76.651412)"
1150564762,16-00756849,SW-Rat Rubout - Proactive,Bureau of Solid Waste,HARLEM PARK,1810 RAYNER AVE,21217,Mass Entry,CLOSED,10/17/2016 12:00:00 AM +0000,10/17/2016 12:00:00 AM +0000,10/22/2016 12:00:00 AM +0000,Dispatch Investigator,No Active Rodent Sign,10/17/16,"1810 RAYNER AVE
21217
(39.296926, -76.646666)"
1150553571,16-00756534,HLTH-Animal-Animal In Danger/Injured/Abused/Neglected,Health Department,CENTRAL PARK HEIGHTS,4341 REISTERSTOWN RD,21215,Phone,CLOSED,10/21/2016 07:54:10 AM +0000,10/21/2016 07:00:33 PM +0000,10/24/2016 07:54:10 AM +0000,Investigation,Resolved  Close SR,10/21/16,"4341 REISTERSTOWN RD
21215
(39.338152, -76.667332)"
1150560188,16-00756725,SW-Dirty Street,Bureau of Solid Waste,BELAIR-EDISON,4100 SINCLAIR LN,21213,Phone,CLOSED,10/21/2016 09:03:51 AM +0000,11/02/2016 04:38:13 PM +0000,10/28/2016 09:03:51 AM +0000,Dispatch Work Crew,Cleaned and removed debris (Close),11/2/16,"4100 SINCLAIR LN
21213
(39.316632, -76.556924)"
1150561371,16-00756758,SW-Rat Rubout - Proactive,Bureau of Solid Waste,MIDTOWN-EDMONDSON,1115 APPLETON ST,21217,Mass Entry,CLOSED,10/17/2016 12:00:00 AM +0000,10/17/2016 12:00:00 AM +0000,10/22/2016 12:00:00 AM +0000,Dispatch Investigator,No Active Rodent Sign,10/17/16,"1115 APPLETON ST
21217
(39.30149, -76.648546)"
1150576191,16-00757203,SW-HGW,Bureau of Solid Waste,CENTRAL PARK HEIGHTS,3105 OAKLEY AVE,21215,Interface,CLOSED,10/21/2016 09:56:58 AM +0000,11/17/2016 04:07:52 PM +0000,11/20/2016 09:56:58 AM +0000,Dispatch Work Crew,Canceled Property Management,11/17/16,"3105 OAKLEY AVE
21215
(39.347033, -76.671744)"
1150586739,16-00757536,SW-Graffiti Removal,Bureau of Solid Waste,WASHINGTON VILLAGE,1401 W HAMBURG ST,21230,Internet,CLOSED,10/21/2016 10:57:56 AM +0000,10/24/2016 04:03:25 PM +0000,10/24/2016 10:57:56 AM +0000,Dispatch Work Crew,Graffiti Cleaned and Removed,10/24/16,"1401 W HAMBURG ST
21230
(39.277067, -76.633937)"
1150554823,16-00756570,HCD-Sanitation Property,HCD-Department of Housing,UNION SQUARE,1711 W LOMBARD ST,21223,Mobile Apps,CLOSED,10/21/2016 08:10:01 AM +0000,11/02/2016 09:29:11 AM +0000,10/31/2016 08:10:01 AM +0000,,Send Message,11/2/16,"1711 W LOMBARD ST
21223
(39.286246, -76.644401)"
1150835719,16-00765023,ECC-Vehicle Look Up,Mayors Office of Information Technology,JOSEPH LEE,453 HORNEL ST,21224,Phone,CLOSED,10/25/2016 10:53:17 AM +0000,10/25/2016 10:53:17 AM +0000,10/25/2016 10:53:17 AM +0000,,,,"453 HORNEL ST
21224
(39.288095, -76.539998)"
1151001542,16-00769863,TEC-Footways Contract/Reconstruction,Department of Transportation,CHARLES VILLAGE,2200 N CHARLES ST,21218,Phone,OPEN,10/27/2016 08:22:15 AM +0000,10/27/2016 08:22:15 AM +0000,,,,,"2200 N CHARLES ST
21218
(39.314411, -76.616765)"
1150563610,16-00756818,SW-Rat Rubout - Proactive,Bureau of Solid Waste,HARLEM PARK,1822 W LANVALE ST,21217,Mass Entry,CLOSED,10/17/2016 12:00:00 AM +0000,10/17/2016 12:00:00 AM +0000,10/22/2016 12:00:00 AM +0000,Dispatch Investigator,No Active Rodent Sign,10/17/16,"1822 W LANVALE ST
21217
(39.297513, -76.646851)"
1150577176,16-00757234,SW-Boarding,Bureau of Solid Waste,SANDTOWN-WINCHESTER,1342 MOSHER ST,21217,Interface,CLOSED,10/21/2016 09:57:30 AM +0000,10/27/2016 09:07:23 AM +0000,10/28/2016 09:57:30 AM +0000,Dispatch Work Crew,Completed Property Management,10/24/16,"1342 MOSHER ST
21217
(39.300077, -76.639944)"
1150940799,16-00768082,TEC-Footways Complaint,Department of Transportation,JONESTOWN,900 E LOMBARD ST,21202,Internet,O-PENDNG,10/26/2016 11:04:52 AM +0000,10/27/2016 08:20:36 AM +0000,10/29/2016 11:04:52 AM +0000,,,,"900 E LOMBARD ST
21202
(39.288959, -76.602993)"
1150623584,16-00758654,SW-Dirty Street - Proactive,Bureau of Solid Waste,SANDTOWN-WINCHESTER,1500 MCKEAN AVE,21217,Mass Entry,CLOSED,10/21/2016 04:08:38 PM +0000,10/21/2016 04:08:38 PM +0000,10/28/2016 04:08:38 PM +0000,Dispatch Work Crew,Cleaned and removed debris (Close),10/21/16,"1500 MCKEAN AVE
21217
(39.305248, -76.647057)"
1150578127,16-00757265,SW-HGW,Bureau of Solid Waste,SANDTOWN-WINCHESTER,1545 N BRUCE ST,21217,Interface,CLOSED,10/21/2016 09:58:05 AM +0000,11/03/2016 09:25:51 AM +0000,11/20/2016 09:58:05 AM +0000,Dispatch Work Crew,Completed Property Management,11/2/16,"1545 N BRUCE ST
21217
(39.30626, -76.645492)"
1150574564,16-00757153,SW-HGW,Bureau of Solid Waste,MOUNT WINANS,2619 PUGET ST,21230,Interface,CLOSED,10/21/2016 09:56:05 AM +0000,11/17/2016 03:45:39 PM +0000,11/20/2016 09:56:05 AM +0000,Dispatch Work Crew,Completed Property Management,11/17/16,"2619 PUGET ST
21230
(39.26062, -76.644207)"
1150564335,16-00756839,SW-Rat Rubout - Proactive,Bureau of Solid Waste,MIDTOWN-EDMONDSON,1904 W LANVALE ST,21217,Mass Entry,CLOSED,10/17/2016 12:00:00 AM +0000,10/17/2016 12:00:00 AM +0000,10/22/2016 12:00:00 AM +0000,Dispatch Investigator,No Active Rodent Sign,10/17/16,"1904 W LANVALE ST
21217
(39.297482, -76.647673)"
1150564157,16-00756834,SW-Rat Rubout - Proactive,Bureau of Solid Waste,HARLEM PARK,1827 RAYNER AVE,21217,Mass Entry,CLOSED,10/17/2016 12:00:00 AM +0000,10/17/2016 12:00:00 AM +0000,10/22/2016 12:00:00 AM +0000,Dispatch Investigator,No Active Rodent Sign,10/17/16,"1827 RAYNER AVE
21217
(39.296916, -76.646924)"
1150581364,16-00757355,Forestry Fallen Limb,Department of Recreation and Parks,WEST FOREST PARK,4600 FAIRVIEW AVE,21216,Internet,CLOSED,10/21/2016 10:17:17 AM +0000,10/25/2016 09:28:54 AM +0000,10/22/2016 10:17:17 AM +0000,Dispatch Work Crew,Removed entire limb,10/25/16,"4600 FAIRVIEW AVE
21216
(39.320585, -76.693841)"
1150566499,16-00756893,SW-Rat Rubout - Proactive,Bureau of Solid Waste,MORRELL PARK,1631 PARKMAN AVE,21230,Mass Entry,CLOSED,10/19/2016 12:00:00 AM +0000,10/19/2016 12:00:00 AM +0000,10/24/2016 12:00:00 AM +0000,Dispatch Investigator,Area Baited,10/19/16,"1631 PARKMAN AVE
21230
(39.262187, -76.661663)"
1150597739,16-00757879,TRS-48 Hour Parking Complaint,Department of Transportation,CARROLL-SOUTH HILTON,3241 PHELPS LN,21229,Phone,CLOSED,10/21/2016 12:46:14 PM +0000,10/27/2016 09:25:50 AM +0000,10/26/2016 12:46:14 PM +0000,Dispatch PCA,Cited for 48 hour violation,10/27/16,"3241 PHELPS LN
21229
